origen,relacion,destino,
a1b2c3d4-e5f6-4a7b-8c9d-0e1f2a3b4c5d," ""TRABAJA""",9f8e7d6c-5b4a-3c2b-1a0b-9c8d7e6f5a4b,
b2c3d4e5-f6g7-5b8c-9d0e-1f2a3b4c5d6e," ""TRABAJA""",9f8e7d6c-5b4a-3c2b-1a0b-9c8d7e6f5a4b,
c3d4e5f6-g7h8-6c9d-0e1f-2a3b4c5d6e7f," ""TRABAJA""",9f8e7d6c-5b4a-3c2b-1a0b-9c8d7e6f5a4b,
d4e5f6g7-h8i9-7d0e-1f2a-3b4c5d6e7f8," ""TRABAJA""",9f8e7d6c-5b4a-3c2b-1a0b-9c8d7e6f5a4b,
e5f6g7h8-i9j0-8e1f-2a3b-4c5d6e7f8g9," ""TRABAJA""",8e7d6c5b-4a3c-2b1a-0b9c-8d7e6f5a4b3c,
f6g7h8i9-j0k1-9f2a-3b4c-5d6e7f8g9h0," ""TRABAJA""",8e7d6c5b-4a3c-2b1a-0b9c-8d7e6f5a4b3c,
g7h8i9j0-k1l2-0g3b-4c5d-6e7f8g9h0i1," ""TRABAJA""",8e7d6c5b-4a3c-2b1a-0b9c-8d7e6f5a4b3c,
h8i9j0k1-l2m3-1h4c-5d6e-7f8g9h0i1j2," ""TRABAJA""",8e7d6c5b-4a3c-2b1a-0b9c-8d7e6f5a4b3c,
i9j0k1l2-m3n4-2i5d-6e7f-8g9h0i1j2k3," ""TRABAJA""",7d6c5b4a-3c2b-1a0b-9c8d-7e6f5a4b3c2d,
j0k1l2m3-n4o5-3j6e-7f8g-9h0i1j2k3l4," ""TRABAJA""",7d6c5b4a-3c2b-1a0b-9c8d-7e6f5a4b3c2d,
k1l2m3n4-o5p6-4k7f-8g9h-0i1j2k3l4m5," ""TRABAJA""",7d6c5b4a-3c2b-1a0b-9c8d-7e6f5a4b3c2d,
l2m3n4o5-p6q7-5l8g-9h0i-1j2k3l4m5n6," ""TRABAJA""",7d6c5b4a-3c2b-1a0b-9c8d-7e6f5a4b3c2d,
m3n4o5p6-q7r8-6m9h-0i1j-2k3l4m5n6o7," ""TRABAJA""",6c5b4a3c-2b1a-0b9c-8d7e-6f5a4b3c2d1e,
n4o5p6q7-r8s9-7n0i-1j2k-3l4m5n6o7p8," ""TRABAJA""",6c5b4a3c-2b1a-0b9c-8d7e-6f5a4b3c2d1e,
o5p6q7r8-s9t0-8o1j-2k3l-4m5n6o7p8q9," ""TRABAJA""",6c5b4a3c-2b1a-0b9c-8d7e-6f5a4b3c2d1e,
p6q7r8s9-t0u1-9p2k-3l4m-5n6o7p8q9r0," ""TRABAJA""",6c5b4a3c-2b1a-0b9c-8d7e-6f5a4b3c2d1e,
q7r8s9t0-u1v2-0q3l-4m5n-6o7p8q9r0s1," ""TRABAJA""",5b4a3c2b-1a0b-9c8d-7e6f-5a4b3c2d1e0f,
r8s9t0u1-v2w3-1r4m-5n6o-7p8q9r0s1t2," ""TRABAJA""",5b4a3c2b-1a0b-9c8d-7e6f-5a4b3c2d1e0f,
s9t0u1v2-w3x4-2s5n-6o7p-8q9r0s1t2u3," ""TRABAJA""",5b4a3c2b-1a0b-9c8d-7e6f-5a4b3c2d1e0f,
t0u1v2w3-x4y5-3t6o-7p8q-9r0s1t2u3v4," ""TRABAJA""",5b4a3c2b-1a0b-9c8d-7e6f-5a4b3c2d1e0f,
,,,
9f8e7d6c-5b4a-3c2b-1a0b-9c8d7e6f5a4b," ""TIENE"""," ""a1b2c3d4-e5f6-4a7b-8c9d-0e1f2a3b4c5d""", 
9f8e7d6c-5b4a-3c2b-1a0b-9c8d7e6f5a4b," ""TIENE"""," ""b2c3d4e5-f6g7-5b8c-9d0e-1f2a3b4c5d6e""", 
9f8e7d6c-5b4a-3c2b-1a0b-9c8d7e6f5a4b," ""TIENE"""," ""c3d4e5f6-g7h8-6c9d-0e1f-2a3b4c5d6e7f""", 
9f8e7d6c-5b4a-3c2b-1a0b-9c8d7e6f5a4b," ""TIENE"""," ""d4e5f6g7-h8i9-7d0e-1f2a-3b4c5d6e7f8""", 
8e7d6c5b-4a3c-2b1a-0b9c-8d7e6f5a4b3c," ""TIENE"""," ""e5f6g7h8-i9j0-8e1f-2a3b-4c5d6e7f8g9""", 
8e7d6c5b-4a3c-2b1a-0b9c-8d7e6f5a4b3c," ""TIENE"""," ""f6g7h8i9-j0k1-9f2a-3b4c-5d6e7f8g9h0""", 
8e7d6c5b-4a3c-2b1a-0b9c-8d7e6f5a4b3c," ""TIENE"""," ""g7h8i9j0-k1l2-0g3b-4c5d-6e7f8g9h0i1""", 
8e7d6c5b-4a3c-2b1a-0b9c-8d7e6f5a4b3c," ""TIENE"""," ""h8i9j0k1-l2m3-1h4c-5d6e-7f8g9h0i1j2""", 
7d6c5b4a-3c2b-1a0b-9c8d-7e6f5a4b3c2d," ""TIENE"""," ""i9j0k1l2-m3n4-2i5d-6e7f-8g9h0i1j2k3""", 
7d6c5b4a-3c2b-1a0b-9c8d-7e6f5a4b3c2d," ""TIENE"""," ""j0k1l2m3-n4o5-3j6e-7f8g-9h0i1j2k3l4""", 
7d6c5b4a-3c2b-1a0b-9c8d-7e6f5a4b3c2d," ""TIENE"""," ""k1l2m3n4-o5p6-4k7f-8g9h-0i1j2k3l4m5""", 
7d6c5b4a-3c2b-1a0b-9c8d-7e6f5a4b3c2d," ""TIENE"""," ""l2m3n4o5-p6q7-5l8g-9h0i-1j2k3l4m5n6""", 
6c5b4a3c-2b1a-0b9c-8d7e-6f5a4b3c2d1e," ""TIENE"""," ""m3n4o5p6-q7r8-6m9h-0i1j-2k3l4m5n6o7""", 
6c5b4a3c-2b1a-0b9c-8d7e-6f5a4b3c2d1e," ""TIENE"""," ""n4o5p6q7-r8s9-7n0i-1j2k-3l4m5n6o7p8""", 
6c5b4a3c-2b1a-0b9c-8d7e-6f5a4b3c2d1e," ""TIENE"""," ""o5p6q7r8-s9t0-8o1j-2k3l-4m5n6o7p8q9""", 
6c5b4a3c-2b1a-0b9c-8d7e-6f5a4b3c2d1e," ""TIENE"""," ""p6q7r8s9-t0u1-9p2k-3l4m-5n6o7p8q9r0""", 
5b4a3c2b-1a0b-9c8d-7e6f-5a4b3c2d1e0f," ""TIENE"""," ""q7r8s9t0-u1v2-0q3l-4m5n-6o7p8q9r0s1""", 
5b4a3c2b-1a0b-9c8d-7e6f-5a4b3c2d1e0f," ""TIENE"""," ""r8s9t0u1-v2w3-1r4m-5n6o-7p8q9r0s1t2""", 
5b4a3c2b-1a0b-9c8d-7e6f-5a4b3c2d1e0f," ""TIENE"""," ""s9t0u1v2-w3x4-2s5n-6o7p-8q9r0s1t2u3""", 
5b4a3c2b-1a0b-9c8d-7e6f-5a4b3c2d1e0f," ""TIENE"""," ""t0u1v2w3-x4y5-3t6o-7p8q-9r0s1t2u3v4""", 
,,,
550e8400-e29b-41d4-a716-446655440000," ""AFILIADO_A"""," ""9f8e7d6c-5b4a-3c2b-1a0b-9c8d7e6f5a4b""",
550e8400-e29b-41d4-a716-446655440001," ""AFILIADO_A"""," ""9f8e7d6c-5b4a-3c2b-1a0b-9c8d7e6f5a4b""",
550e8400-e29b-41d4-a716-446655440002," ""AFILIADO_A"""," ""8e7d6c5b-4a3c-2b1a-0b9c-8d7e6f5a4b3c""",
550e8400-e29b-41d4-a716-446655440003," ""AFILIADO_A"""," ""8e7d6c5b-4a3c-2b1a-0b9c-8d7e6f5a4b3c""",
550e8400-e29b-41d4-a716-446655440004," ""AFILIADO_A"""," ""7d6c5b4a-3c2b-1a0b-9c8d-7e6f5a4b3c2d""",
550e8400-e29b-41d4-a716-446655440005," ""AFILIADO_A"""," ""7d6c5b4a-3c2b-1a0b-9c8d-7e6f5a4b3c2d""",
550e8400-e29b-41d4-a716-446655440006," ""AFILIADO_A"""," ""6c5b4a3c-2b1a-0b9c-8d7e-6f5a4b3c2d1e""",
550e8400-e29b-41d4-a716-446655440007," ""AFILIADO_A"""," ""6c5b4a3c-2b1a-0b9c-8d7e-6f5a4b3c2d1e""",
550e8400-e29b-41d4-a716-446655440008," ""AFILIADO_A"""," ""5b4a3c2b-1a0b-9c8d-7e6f-5a4b3c2d1e0f""",
550e8400-e29b-41d4-a716-446655440009," ""AFILIADO_A"""," ""5b4a3c2b-1a0b-9c8d-7e6f-5a4b3c2d1e0f""",
550e8400-e29b-41d4-a716-446655440010," ""AFILIADO_A"""," ""9f8e7d6c-5b4a-3c2b-1a0b-9c8d7e6f5a4b""",
550e8400-e29b-41d4-a716-446655440011," ""AFILIADO_A"""," ""8e7d6c5b-4a3c-2b1a-0b9c-8d7e6f5a4b3c""",
550e8400-e29b-41d4-a716-446655440012," ""AFILIADO_A"""," ""7d6c5b4a-3c2b-1a0b-9c8d-7e6f5a4b3c2d""",
550e8400-e29b-41d4-a716-446655440013," ""AFILIADO_A"""," ""6c5b4a3c-2b1a-0b9c-8d7e-6f5a4b3c2d1e""",
550e8400-e29b-41d4-a716-446655440014," ""AFILIADO_A"""," ""5b4a3c2b-1a0b-9c8d-7e6f-5a4b3c2d1e0f""",
550e8400-e29b-41d4-a716-446655440015," ""AFILIADO_A"""," ""9f8e7d6c-5b4a-3c2b-1a0b-9c8d7e6f5a4b""",
550e8400-e29b-41d4-a716-446655440016," ""AFILIADO_A"""," ""8e7d6c5b-4a3c-2b1a-0b9c-8d7e6f5a4b3c""",
550e8400-e29b-41d4-a716-446655440017," ""AFILIADO_A"""," ""7d6c5b4a-3c2b-1a0b-9c8d-7e6f5a4b3c2d""",
550e8400-e29b-41d4-a716-446655440018," ""AFILIADO_A"""," ""6c5b4a3c-2b1a-0b9c-8d7e-6f5a4b3c2d1e""",
550e8400-e29b-41d4-a716-446655440019," ""AFILIADO_A"""," ""5b4a3c2b-1a0b-9c8d-7e6f-5a4b3c2d1e0f""",
550e8400-e29b-41d4-a716-446655440020," ""AFILIADO_A"""," ""9f8e7d6c-5b4a-3c2b-1a0b-9c8d7e6f5a4b""",
550e8400-e29b-41d4-a716-446655440021," ""AFILIADO_A"""," ""8e7d6c5b-4a3c-2b1a-0b9c-8d7e6f5a4b3c""",
550e8400-e29b-41d4-a716-446655440022," ""AFILIADO_A"""," ""7d6c5b4a-3c2b-1a0b-9c8d-7e6f5a4b3c2d""",
550e8400-e29b-41d4-a716-446655440023," ""AFILIADO_A"""," ""6c5b4a3c-2b1a-0b9c-8d7e-6f5a4b3c2d1e""",
550e8400-e29b-41d4-a716-446655440024," ""AFILIADO_A"""," ""5b4a3c2b-1a0b-9c8d-7e6f-5a4b3c2d1e0f""",
550e8400-e29b-41d4-a716-446655440025," ""AFILIADO_A"""," ""9f8e7d6c-5b4a-3c2b-1a0b-9c8d7e6f5a4b""",
550e8400-e29b-41d4-a716-446655440026," ""AFILIADO_A"""," ""8e7d6c5b-4a3c-2b1a-0b9c-8d7e6f5a4b3c""",
550e8400-e29b-41d4-a716-446655440027," ""AFILIADO_A"""," ""7d6c5b4a-3c2b-1a0b-9c8d-7e6f5a4b3c2d""",
550e8400-e29b-41d4-a716-446655440028," ""AFILIADO_A"""," ""6c5b4a3c-2b1a-0b9c-8d7e-6f5a4b3c2d1e""",
550e8400-e29b-41d4-a716-446655440029," ""AFILIADO_A"""," ""5b4a3c2b-1a0b-9c8d-7e6f-5a4b3c2d1e0f""",
550e8400-e29b-41d4-a716-446655440030," ""AFILIADO_A"""," ""9f8e7d6c-5b4a-3c2b-1a0b-9c8d7e6f5a4b""",
550e8400-e29b-41d4-a716-446655440031," ""AFILIADO_A"""," ""8e7d6c5b-4a3c-2b1a-0b9c-8d7e6f5a4b3c""",
550e8400-e29b-41d4-a716-446655440032," ""AFILIADO_A"""," ""7d6c5b4a-3c2b-1a0b-9c8d-7e6f5a4b3c2d""",
550e8400-e29b-41d4-a716-446655440033," ""AFILIADO_A"""," ""6c5b4a3c-2b1a-0b9c-8d7e-6f5a4b3c2d1e""",
550e8400-e29b-41d4-a716-446655440034," ""AFILIADO_A"""," ""5b4a3c2b-1a0b-9c8d-7e6f-5a4b3c2d1e0f""",
550e8400-e29b-41d4-a716-446655440035," ""AFILIADO_A"""," ""9f8e7d6c-5b4a-3c2b-1a0b-9c8d7e6f5a4b""",
550e8400-e29b-41d4-a716-446655440036," ""AFILIADO_A"""," ""8e7d6c5b-4a3c-2b1a-0b9c-8d7e6f5a4b3c""",
550e8400-e29b-41d4-a716-446655440037," ""AFILIADO_A"""," ""7d6c5b4a-3c2b-1a0b-9c8d-7e6f5a4b3c2d""",
550e8400-e29b-41d4-a716-446655440038," ""AFILIADO_A"""," ""6c5b4a3c-2b1a-0b9c-8d7e-6f5a4b3c2d1e""",
550e8400-e29b-41d4-a716-446655440039," ""AFILIADO_A"""," ""5b4a3c2b-1a0b-9c8d-7e6f-5a4b3c2d1e0f""",
,,,
9f8e7d6c-5b4a-3c2b-1a0b-9c8d7e6f5a4b," ""DA_SERVICIO"""," ""550e8400-e29b-41d4-a716-446655440000"" ",
9f8e7d6c-5b4a-3c2b-1a0b-9c8d7e6f5a4b," ""DA_SERVICIO"""," ""550e8400-e29b-41d4-a716-446655440001"" ",
8e7d6c5b-4a3c-2b1a-0b9c-8d7e6f5a4b3c," ""DA_SERVICIO"""," ""550e8400-e29b-41d4-a716-446655440002"" ",
8e7d6c5b-4a3c-2b1a-0b9c-8d7e6f5a4b3c," ""DA_SERVICIO"""," ""550e8400-e29b-41d4-a716-446655440003"" ",
7d6c5b4a-3c2b-1a0b-9c8d-7e6f5a4b3c2d," ""DA_SERVICIO"""," ""550e8400-e29b-41d4-a716-446655440004"" ",
7d6c5b4a-3c2b-1a0b-9c8d-7e6f5a4b3c2d," ""DA_SERVICIO"""," ""550e8400-e29b-41d4-a716-446655440005"" ",
6c5b4a3c-2b1a-0b9c-8d7e-6f5a4b3c2d1e," ""DA_SERVICIO"""," ""550e8400-e29b-41d4-a716-446655440006"" ",
6c5b4a3c-2b1a-0b9c-8d7e-6f5a4b3c2d1e," ""DA_SERVICIO"""," ""550e8400-e29b-41d4-a716-446655440007"" ",
5b4a3c2b-1a0b-9c8d-7e6f-5a4b3c2d1e0f," ""DA_SERVICIO"""," ""550e8400-e29b-41d4-a716-446655440008"" ",
5b4a3c2b-1a0b-9c8d-7e6f-5a4b3c2d1e0f," ""DA_SERVICIO"""," ""550e8400-e29b-41d4-a716-446655440009"" ",
9f8e7d6c-5b4a-3c2b-1a0b-9c8d7e6f5a4b," ""DA_SERVICIO"""," ""550e8400-e29b-41d4-a716-446655440010"" ",
8e7d6c5b-4a3c-2b1a-0b9c-8d7e6f5a4b3c," ""DA_SERVICIO"""," ""550e8400-e29b-41d4-a716-446655440011"" ",
7d6c5b4a-3c2b-1a0b-9c8d-7e6f5a4b3c2d," ""DA_SERVICIO"""," ""550e8400-e29b-41d4-a716-446655440012"" ",
6c5b4a3c-2b1a-0b9c-8d7e-6f5a4b3c2d1e," ""DA_SERVICIO"""," ""550e8400-e29b-41d4-a716-446655440013"" ",
5b4a3c2b-1a0b-9c8d-7e6f-5a4b3c2d1e0f," ""DA_SERVICIO"""," ""550e8400-e29b-41d4-a716-446655440014"" ",
9f8e7d6c-5b4a-3c2b-1a0b-9c8d7e6f5a4b," ""DA_SERVICIO"""," ""550e8400-e29b-41d4-a716-446655440015"" ",
8e7d6c5b-4a3c-2b1a-0b9c-8d7e6f5a4b3c," ""DA_SERVICIO"""," ""550e8400-e29b-41d4-a716-446655440016"" ",
7d6c5b4a-3c2b-1a0b-9c8d-7e6f5a4b3c2d," ""DA_SERVICIO"""," ""550e8400-e29b-41d4-a716-446655440017"" ",
6c5b4a3c-2b1a-0b9c-8d7e-6f5a4b3c2d1e," ""DA_SERVICIO"""," ""550e8400-e29b-41d4-a716-446655440018"" ",
5b4a3c2b-1a0b-9c8d-7e6f-5a4b3c2d1e0f," ""DA_SERVICIO"""," ""550e8400-e29b-41d4-a716-446655440019"" ",
9f8e7d6c-5b4a-3c2b-1a0b-9c8d7e6f5a4b," ""DA_SERVICIO"""," ""550e8400-e29b-41d4-a716-446655440020"" ",
8e7d6c5b-4a3c-2b1a-0b9c-8d7e6f5a4b3c," ""DA_SERVICIO"""," ""550e8400-e29b-41d4-a716-446655440021"" ",
7d6c5b4a-3c2b-1a0b-9c8d-7e6f5a4b3c2d," ""DA_SERVICIO"""," ""550e8400-e29b-41d4-a716-446655440022"" ",
6c5b4a3c-2b1a-0b9c-8d7e-6f5a4b3c2d1e," ""DA_SERVICIO"""," ""550e8400-e29b-41d4-a716-446655440023"" ",
5b4a3c2b-1a0b-9c8d-7e6f-5a4b3c2d1e0f," ""DA_SERVICIO"""," ""550e8400-e29b-41d4-a716-446655440024"" ",
9f8e7d6c-5b4a-3c2b-1a0b-9c8d7e6f5a4b," ""DA_SERVICIO"""," ""550e8400-e29b-41d4-a716-446655440025"" ",
8e7d6c5b-4a3c-2b1a-0b9c-8d7e6f5a4b3c," ""DA_SERVICIO"""," ""550e8400-e29b-41d4-a716-446655440026"" ",
7d6c5b4a-3c2b-1a0b-9c8d-7e6f5a4b3c2d," ""DA_SERVICIO"""," ""550e8400-e29b-41d4-a716-446655440027"" ",
6c5b4a3c-2b1a-0b9c-8d7e-6f5a4b3c2d1e," ""DA_SERVICIO"""," ""550e8400-e29b-41d4-a716-446655440028"" ",
5b4a3c2b-1a0b-9c8d-7e6f-5a4b3c2d1e0f," ""DA_SERVICIO"""," ""550e8400-e29b-41d4-a716-446655440029"" ",
9f8e7d6c-5b4a-3c2b-1a0b-9c8d7e6f5a4b," ""DA_SERVICIO"""," ""550e8400-e29b-41d4-a716-446655440030"" ",
8e7d6c5b-4a3c-2b1a-0b9c-8d7e6f5a4b3c," ""DA_SERVICIO"""," ""550e8400-e29b-41d4-a716-446655440031"" ",
7d6c5b4a-3c2b-1a0b-9c8d-7e6f5a4b3c2d," ""DA_SERVICIO"""," ""550e8400-e29b-41d4-a716-446655440032"" ",
6c5b4a3c-2b1a-0b9c-8d7e-6f5a4b3c2d1e," ""DA_SERVICIO"""," ""550e8400-e29b-41d4-a716-446655440033"" ",
5b4a3c2b-1a0b-9c8d-7e6f-5a4b3c2d1e0f," ""DA_SERVICIO"""," ""550e8400-e29b-41d4-a716-446655440034"" ",
9f8e7d6c-5b4a-3c2b-1a0b-9c8d7e6f5a4b," ""DA_SERVICIO"""," ""550e8400-e29b-41d4-a716-446655440035"" ",
8e7d6c5b-4a3c-2b1a-0b9c-8d7e6f5a4b3c," ""DA_SERVICIO"""," ""550e8400-e29b-41d4-a716-446655440036"" ",
7d6c5b4a-3c2b-1a0b-9c8d-7e6f5a4b3c2d," ""DA_SERVICIO"""," ""550e8400-e29b-41d4-a716-446655440037"" ",
6c5b4a3c-2b1a-0b9c-8d7e-6f5a4b3c2d1e," ""DA_SERVICIO"""," ""550e8400-e29b-41d4-a716-446655440038"" ",
5b4a3c2b-1a0b-9c8d-7e6f-5a4b3c2d1e0f," ""DA_SERVICIO"""," ""550e8400-e29b-41d4-a716-446655440039"" ",
,,,
550e8400-e29b-41d4-a716-446655440000," ""ABRE"""," ""6ba7b810-9dad-11d1-80b4-00c04fd430c1""",
550e8400-e29b-41d4-a716-446655440001," ""ABRE"""," ""6ba7b811-9dad-11d1-80b4-00c04fd430c2""",
550e8400-e29b-41d4-a716-446655440002," ""ABRE"""," ""6ba7b812-9dad-11d1-80b4-00c04fd430c3""",
550e8400-e29b-41d4-a716-446655440003," ""ABRE"""," ""6ba7b813-9dad-11d1-80b4-00c04fd430c4""",
550e8400-e29b-41d4-a716-446655440004," ""ABRE"""," ""6ba7b814-9dad-11d1-80b4-00c04fd430c5""",
550e8400-e29b-41d4-a716-446655440005," ""ABRE"""," ""6ba7b815-9dad-11d1-80b4-00c04fd430c6""",
550e8400-e29b-41d4-a716-446655440006," ""ABRE"""," ""6ba7b816-9dad-11d1-80b4-00c04fd430c7""",
550e8400-e29b-41d4-a716-446655440007," ""ABRE"""," ""6ba7b817-9dad-11d1-80b4-00c04fd430c8""",
550e8400-e29b-41d4-a716-446655440008," ""ABRE"""," ""6ba7b818-9dad-11d1-80b4-00c04fd430c9""",
550e8400-e29b-41d4-a716-446655440009," ""ABRE"""," ""6ba7b819-9dad-11d1-80b4-00c04fd430d0""",
550e8400-e29b-41d4-a716-446655440010," ""ABRE"""," ""6ba7b820-9dad-11d1-80b4-00c04fd430d1""",
550e8400-e29b-41d4-a716-446655440011," ""ABRE"""," ""6ba7b821-9dad-11d1-80b4-00c04fd430d2""",
550e8400-e29b-41d4-a716-446655440012," ""ABRE"""," ""6ba7b822-9dad-11d1-80b4-00c04fd430d3""",
550e8400-e29b-41d4-a716-446655440013," ""ABRE"""," ""6ba7b823-9dad-11d1-80b4-00c04fd430d4""",
550e8400-e29b-41d4-a716-446655440014," ""ABRE"""," ""6ba7b824-9dad-11d1-80b4-00c04fd430d5""",
550e8400-e29b-41d4-a716-446655440015," ""ABRE"""," ""6ba7b825-9dad-11d1-80b4-00c04fd430d6""",
550e8400-e29b-41d4-a716-446655440016," ""ABRE"""," ""6ba7b826-9dad-11d1-80b4-00c04fd430d7""",
550e8400-e29b-41d4-a716-446655440017," ""ABRE"""," ""6ba7b827-9dad-11d1-80b4-00c04fd430d8""",
550e8400-e29b-41d4-a716-446655440018," ""ABRE"""," ""6ba7b828-9dad-11d1-80b4-00c04fd430d9""",
550e8400-e29b-41d4-a716-446655440019," ""ABRE"""," ""6ba7b829-9dad-11d1-80b4-00c04fd430e0""",
550e8400-e29b-41d4-a716-446655440020," ""ABRE"""," ""6ba7b830-9dad-11d1-80b4-00c04fd430e1""",
550e8400-e29b-41d4-a716-446655440021," ""ABRE"""," ""6ba7b831-9dad-11d1-80b4-00c04fd430e2""",
550e8400-e29b-41d4-a716-446655440022," ""ABRE"""," ""6ba7b832-9dad-11d1-80b4-00c04fd430e3""",
550e8400-e29b-41d4-a716-446655440023," ""ABRE"""," ""6ba7b833-9dad-11d1-80b4-00c04fd430e4""",
550e8400-e29b-41d4-a716-446655440024," ""ABRE"""," ""6ba7b834-9dad-11d1-80b4-00c04fd430e5""",
550e8400-e29b-41d4-a716-446655440025," ""ABRE"""," ""6ba7b835-9dad-11d1-80b4-00c04fd430e6""",
550e8400-e29b-41d4-a716-446655440026," ""ABRE"""," ""6ba7b836-9dad-11d1-80b4-00c04fd430e7""",
550e8400-e29b-41d4-a716-446655440027," ""ABRE"""," ""6ba7b837-9dad-11d1-80b4-00c04fd430e8""",
550e8400-e29b-41d4-a716-446655440028," ""ABRE"""," ""6ba7b838-9dad-11d1-80b4-00c04fd430e9""",
550e8400-e29b-41d4-a716-446655440029," ""ABRE"""," ""6ba7b839-9dad-11d1-80b4-00c04fd430f0""",
550e8400-e29b-41d4-a716-446655440030," ""ABRE"""," ""6ba7b840-9dad-11d1-80b4-00c04fd430f1""",
550e8400-e29b-41d4-a716-446655440031," ""ABRE"""," ""6ba7b841-9dad-11d1-80b4-00c04fd430f2""",
550e8400-e29b-41d4-a716-446655440032," ""ABRE"""," ""6ba7b842-9dad-11d1-80b4-00c04fd430f3""",
550e8400-e29b-41d4-a716-446655440033," ""ABRE"""," ""6ba7b843-9dad-11d1-80b4-00c04fd430f4""",
550e8400-e29b-41d4-a716-446655440034," ""ABRE"""," ""6ba7b844-9dad-11d1-80b4-00c04fd430f5""",
550e8400-e29b-41d4-a716-446655440035," ""ABRE"""," ""6ba7b845-9dad-11d1-80b4-00c04fd430f6""",
550e8400-e29b-41d4-a716-446655440036," ""ABRE"""," ""6ba7b846-9dad-11d1-80b4-00c04fd430f7""",
550e8400-e29b-41d4-a716-446655440037," ""ABRE"""," ""6ba7b847-9dad-11d1-80b4-00c04fd430f8""",
550e8400-e29b-41d4-a716-446655440038," ""ABRE"""," ""6ba7b848-9dad-11d1-80b4-00c04fd430f9""",
550e8400-e29b-41d4-a716-446655440039," ""ABRE"""," ""6ba7b849-9dad-11d1-80b4-00c04fd43100""",
550e8400-e29b-41d4-a716-446655440000," ""ABRE"""," ""6ba7b850-9dad-11d1-80b4-00c04fd43101""",
550e8400-e29b-41d4-a716-446655440001," ""ABRE"""," ""6ba7b851-9dad-11d1-80b4-00c04fd43102""",
550e8400-e29b-41d4-a716-446655440002," ""ABRE"""," ""6ba7b852-9dad-11d1-80b4-00c04fd43103""",
550e8400-e29b-41d4-a716-446655440003," ""ABRE"""," ""6ba7b853-9dad-11d1-80b4-00c04fd43104""",
550e8400-e29b-41d4-a716-446655440004," ""ABRE"""," ""6ba7b854-9dad-11d1-80b4-00c04fd43105""",
550e8400-e29b-41d4-a716-446655440005," ""ABRE"""," ""6ba7b855-9dad-11d1-80b4-00c04fd43106""",
550e8400-e29b-41d4-a716-446655440006," ""ABRE"""," ""6ba7b856-9dad-11d1-80b4-00c04fd43107""",
550e8400-e29b-41d4-a716-446655440007," ""ABRE"""," ""6ba7b857-9dad-11d1-80b4-00c04fd43108""",
550e8400-e29b-41d4-a716-446655440008," ""ABRE"""," ""6ba7b858-9dad-11d1-80b4-00c04fd43109""",
550e8400-e29b-41d4-a716-446655440009," ""ABRE"""," ""6ba7b859-9dad-11d1-80b4-00c04fd43110""",
550e8400-e29b-41d4-a716-446655440010," ""ABRE"""," ""6ba7b860-9dad-11d1-80b4-00c04fd43111""",
550e8400-e29b-41d4-a716-446655440011," ""ABRE"""," ""6ba7b861-9dad-11d1-80b4-00c04fd43112""",
550e8400-e29b-41d4-a716-446655440012," ""ABRE"""," ""6ba7b862-9dad-11d1-80b4-00c04fd43113""",
550e8400-e29b-41d4-a716-446655440013," ""ABRE"""," ""6ba7b863-9dad-11d1-80b4-00c04fd43114""",
550e8400-e29b-41d4-a716-446655440014," ""ABRE"""," ""6ba7b864-9dad-11d1-80b4-00c04fd43115""",
550e8400-e29b-41d4-a716-446655440015," ""ABRE"""," ""6ba7b865-9dad-11d1-80b4-00c04fd43116""",
550e8400-e29b-41d4-a716-446655440016," ""ABRE"""," ""6ba7b866-9dad-11d1-80b4-00c04fd43117""",
550e8400-e29b-41d4-a716-446655440017," ""ABRE"""," ""6ba7b867-9dad-11d1-80b4-00c04fd43118""",
550e8400-e29b-41d4-a716-446655440018," ""ABRE"""," ""6ba7b868-9dad-11d1-80b4-00c04fd43119""",
550e8400-e29b-41d4-a716-446655440019," ""ABRE"""," ""6ba7b869-9dad-11d1-80b4-00c04fd43120""",
550e8400-e29b-41d4-a716-446655440020," ""ABRE"""," ""6ba7b870-9dad-11d1-80b4-00c04fd43121""",
550e8400-e29b-41d4-a716-446655440021," ""ABRE"""," ""6ba7b871-9dad-11d1-80b4-00c04fd43122""",
550e8400-e29b-41d4-a716-446655440022," ""ABRE"""," ""6ba7b872-9dad-11d1-80b4-00c04fd43123""",
550e8400-e29b-41d4-a716-446655440023," ""ABRE"""," ""6ba7b873-9dad-11d1-80b4-00c04fd43124""",
550e8400-e29b-41d4-a716-446655440024," ""ABRE"""," ""6ba7b874-9dad-11d1-80b4-00c04fd43125""",
550e8400-e29b-41d4-a716-446655440025," ""ABRE"""," ""6ba7b875-9dad-11d1-80b4-00c04fd43126""",
550e8400-e29b-41d4-a716-446655440026," ""ABRE"""," ""6ba7b876-9dad-11d1-80b4-00c04fd43127""",
550e8400-e29b-41d4-a716-446655440027," ""ABRE"""," ""6ba7b877-9dad-11d1-80b4-00c04fd43128""",
550e8400-e29b-41d4-a716-446655440028," ""ABRE"""," ""6ba7b878-9dad-11d1-80b4-00c04fd43129""",
550e8400-e29b-41d4-a716-446655440029," ""ABRE"""," ""6ba7b879-9dad-11d1-80b4-00c04fd43130""",
550e8400-e29b-41d4-a716-446655440030," ""ABRE"""," ""6ba7b880-9dad-11d1-80b4-00c04fd43131""",
550e8400-e29b-41d4-a716-446655440031," ""ABRE"""," ""6ba7b881-9dad-11d1-80b4-00c04fd43132""",
550e8400-e29b-41d4-a716-446655440032," ""ABRE"""," ""6ba7b882-9dad-11d1-80b4-00c04fd43133""",
550e8400-e29b-41d4-a716-446655440033," ""ABRE"""," ""6ba7b883-9dad-11d1-80b4-00c04fd43134""",
550e8400-e29b-41d4-a716-446655440034," ""ABRE"""," ""6ba7b884-9dad-11d1-80b4-00c04fd43135""",
550e8400-e29b-41d4-a716-446655440035," ""ABRE"""," ""6ba7b885-9dad-11d1-80b4-00c04fd43136""",
550e8400-e29b-41d4-a716-446655440036," ""ABRE"""," ""6ba7b886-9dad-11d1-80b4-00c04fd43137""",
550e8400-e29b-41d4-a716-446655440037," ""ABRE"""," ""6ba7b887-9dad-11d1-80b4-00c04fd43138""",
550e8400-e29b-41d4-a716-446655440038," ""ABRE"""," ""6ba7b888-9dad-11d1-80b4-00c04fd43139""",
550e8400-e29b-41d4-a716-446655440039," ""ABRE"""," ""6ba7b889-9dad-11d1-80b4-00c04fd43140""",
550e8400-e29b-41d4-a716-446655440000," ""ABRE"""," ""6ba7b890-9dad-11d1-80b4-00c04fd43141""",
550e8400-e29b-41d4-a716-446655440001," ""ABRE"""," ""6ba7b891-9dad-11d1-80b4-00c04fd43142""",
550e8400-e29b-41d4-a716-446655440002," ""ABRE"""," ""6ba7b892-9dad-11d1-80b4-00c04fd43143""",
550e8400-e29b-41d4-a716-446655440003," ""ABRE"""," ""6ba7b893-9dad-11d1-80b4-00c04fd43144""",
550e8400-e29b-41d4-a716-446655440004," ""ABRE"""," ""6ba7b894-9dad-11d1-80b4-00c04fd43145""",
550e8400-e29b-41d4-a716-446655440005," ""ABRE"""," ""6ba7b895-9dad-11d1-80b4-00c04fd43146""",
550e8400-e29b-41d4-a716-446655440006," ""ABRE"""," ""6ba7b896-9dad-11d1-80b4-00c04fd43147""",
550e8400-e29b-41d4-a716-446655440007," ""ABRE"""," ""6ba7b897-9dad-11d1-80b4-00c04fd43148""",
550e8400-e29b-41d4-a716-446655440008," ""ABRE"""," ""6ba7b898-9dad-11d1-80b4-00c04fd43149""",
550e8400-e29b-41d4-a716-446655440009," ""ABRE"""," ""6ba7b899-9dad-11d1-80b4-00c04fd43150""",
550e8400-e29b-41d4-a716-446655440010," ""ABRE"""," ""6ba7b900-9dad-11d1-80b4-00c04fd43151""",
550e8400-e29b-41d4-a716-446655440011," ""ABRE"""," ""6ba7b901-9dad-11d1-80b4-00c04fd43152""",
550e8400-e29b-41d4-a716-446655440012," ""ABRE"""," ""6ba7b902-9dad-11d1-80b4-00c04fd43153""",
550e8400-e29b-41d4-a716-446655440013," ""ABRE"""," ""6ba7b903-9dad-11d1-80b4-00c04fd43154""",
550e8400-e29b-41d4-a716-446655440014," ""ABRE"""," ""6ba7b904-9dad-11d1-80b4-00c04fd43155""",
550e8400-e29b-41d4-a716-446655440015," ""ABRE"""," ""6ba7b905-9dad-11d1-80b4-00c04fd43156""",
550e8400-e29b-41d4-a716-446655440016," ""ABRE"""," ""6ba7b906-9dad-11d1-80b4-00c04fd43157""",
550e8400-e29b-41d4-a716-446655440017," ""ABRE"""," ""6ba7b907-9dad-11d1-80b4-00c04fd43158""",
550e8400-e29b-41d4-a716-446655440018," ""ABRE"""," ""6ba7b908-9dad-11d1-80b4-00c04fd43159""",
550e8400-e29b-41d4-a716-446655440019," ""ABRE"""," ""6ba7b909-9dad-11d1-80b4-00c04fd43160""",
,,,
6ba7b810-9dad-11d1-80b4-00c04fd430c1," ""PERTENECE"""," ""9f8e7d6c-5b4a-3c2b-1a0b-9c8d7e6f5a4b""",
6ba7b811-9dad-11d1-80b4-00c04fd430c2," ""PERTENECE"""," ""9f8e7d6c-5b4a-3c2b-1a0b-9c8d7e6f5a4b""",
6ba7b812-9dad-11d1-80b4-00c04fd430c3," ""PERTENECE"""," ""8e7d6c5b-4a3c-2b1a-0b9c-8d7e6f5a4b3c""",
6ba7b813-9dad-11d1-80b4-00c04fd430c4," ""PERTENECE"""," ""8e7d6c5b-4a3c-2b1a-0b9c-8d7e6f5a4b3c""",
6ba7b814-9dad-11d1-80b4-00c04fd430c5," ""PERTENECE"""," ""7d6c5b4a-3c2b-1a0b-9c8d-7e6f5a4b3c2d""",
6ba7b815-9dad-11d1-80b4-00c04fd430c6," ""PERTENECE"""," ""7d6c5b4a-3c2b-1a0b-9c8d-7e6f5a4b3c2d""",
6ba7b816-9dad-11d1-80b4-00c04fd430c7," ""PERTENECE"""," ""6c5b4a3c-2b1a-0b9c-8d7e-6f5a4b3c2d1e""",
6ba7b817-9dad-11d1-80b4-00c04fd430c8," ""PERTENECE"""," ""6c5b4a3c-2b1a-0b9c-8d7e-6f5a4b3c2d1e""",
6ba7b818-9dad-11d1-80b4-00c04fd430c9," ""PERTENECE"""," ""5b4a3c2b-1a0b-9c8d-7e6f-5a4b3c2d1e0f""",
6ba7b819-9dad-11d1-80b4-00c04fd430d0," ""PERTENECE"""," ""5b4a3c2b-1a0b-9c8d-7e6f-5a4b3c2d1e0f""",
6ba7b820-9dad-11d1-80b4-00c04fd430d1," ""PERTENECE"""," ""9f8e7d6c-5b4a-3c2b-1a0b-9c8d7e6f5a4b""",
6ba7b821-9dad-11d1-80b4-00c04fd430d2," ""PERTENECE"""," ""8e7d6c5b-4a3c-2b1a-0b9c-8d7e6f5a4b3c""",
6ba7b822-9dad-11d1-80b4-00c04fd430d3," ""PERTENECE"""," ""7d6c5b4a-3c2b-1a0b-9c8d-7e6f5a4b3c2d""",
6ba7b823-9dad-11d1-80b4-00c04fd430d4," ""PERTENECE"""," ""6c5b4a3c-2b1a-0b9c-8d7e-6f5a4b3c2d1e""",
6ba7b824-9dad-11d1-80b4-00c04fd430d5," ""PERTENECE"""," ""5b4a3c2b-1a0b-9c8d-7e6f-5a4b3c2d1e0f""",
6ba7b825-9dad-11d1-80b4-00c04fd430d6," ""PERTENECE"""," ""9f8e7d6c-5b4a-3c2b-1a0b-9c8d7e6f5a4b""",
6ba7b826-9dad-11d1-80b4-00c04fd430d7," ""PERTENECE"""," ""8e7d6c5b-4a3c-2b1a-0b9c-8d7e6f5a4b3c""",
6ba7b827-9dad-11d1-80b4-00c04fd430d8," ""PERTENECE"""," ""7d6c5b4a-3c2b-1a0b-9c8d-7e6f5a4b3c2d""",
6ba7b828-9dad-11d1-80b4-00c04fd430d9," ""PERTENECE"""," ""6c5b4a3c-2b1a-0b9c-8d7e-6f5a4b3c2d1e""",
6ba7b829-9dad-11d1-80b4-00c04fd430e0," ""PERTENECE"""," ""5b4a3c2b-1a0b-9c8d-7e6f-5a4b3c2d1e0f""",
6ba7b830-9dad-11d1-80b4-00c04fd430e1," ""PERTENECE"""," ""9f8e7d6c-5b4a-3c2b-1a0b-9c8d7e6f5a4b""",
6ba7b831-9dad-11d1-80b4-00c04fd430e2," ""PERTENECE"""," ""8e7d6c5b-4a3c-2b1a-0b9c-8d7e6f5a4b3c""",
6ba7b832-9dad-11d1-80b4-00c04fd430e3," ""PERTENECE"""," ""7d6c5b4a-3c2b-1a0b-9c8d-7e6f5a4b3c2d""",
6ba7b833-9dad-11d1-80b4-00c04fd430e4," ""PERTENECE"""," ""6c5b4a3c-2b1a-0b9c-8d7e-6f5a4b3c2d1e""",
6ba7b834-9dad-11d1-80b4-00c04fd430e5," ""PERTENECE"""," ""5b4a3c2b-1a0b-9c8d-7e6f-5a4b3c2d1e0f""",
6ba7b835-9dad-11d1-80b4-00c04fd430e6," ""PERTENECE"""," ""9f8e7d6c-5b4a-3c2b-1a0b-9c8d7e6f5a4b""",
6ba7b836-9dad-11d1-80b4-00c04fd430e7," ""PERTENECE"""," ""8e7d6c5b-4a3c-2b1a-0b9c-8d7e6f5a4b3c""",
6ba7b837-9dad-11d1-80b4-00c04fd430e8," ""PERTENECE"""," ""7d6c5b4a-3c2b-1a0b-9c8d-7e6f5a4b3c2d""",
6ba7b838-9dad-11d1-80b4-00c04fd430e9," ""PERTENECE"""," ""6c5b4a3c-2b1a-0b9c-8d7e-6f5a4b3c2d1e""",
6ba7b839-9dad-11d1-80b4-00c04fd430f0," ""PERTENECE"""," ""5b4a3c2b-1a0b-9c8d-7e6f-5a4b3c2d1e0f""",
6ba7b840-9dad-11d1-80b4-00c04fd430f1," ""PERTENECE"""," ""9f8e7d6c-5b4a-3c2b-1a0b-9c8d7e6f5a4b""",
6ba7b841-9dad-11d1-80b4-00c04fd430f2," ""PERTENECE"""," ""8e7d6c5b-4a3c-2b1a-0b9c-8d7e6f5a4b3c""",
6ba7b842-9dad-11d1-80b4-00c04fd430f3," ""PERTENECE"""," ""7d6c5b4a-3c2b-1a0b-9c8d-7e6f5a4b3c2d""",
6ba7b843-9dad-11d1-80b4-00c04fd430f4," ""PERTENECE"""," ""6c5b4a3c-2b1a-0b9c-8d7e-6f5a4b3c2d1e""",
6ba7b844-9dad-11d1-80b4-00c04fd430f5," ""PERTENECE"""," ""5b4a3c2b-1a0b-9c8d-7e6f-5a4b3c2d1e0f""",
6ba7b845-9dad-11d1-80b4-00c04fd430f6," ""PERTENECE"""," ""9f8e7d6c-5b4a-3c2b-1a0b-9c8d7e6f5a4b""",
6ba7b846-9dad-11d1-80b4-00c04fd430f7," ""PERTENECE"""," ""8e7d6c5b-4a3c-2b1a-0b9c-8d7e6f5a4b3c""",
6ba7b847-9dad-11d1-80b4-00c04fd430f8," ""PERTENECE"""," ""7d6c5b4a-3c2b-1a0b-9c8d-7e6f5a4b3c2d""",
6ba7b848-9dad-11d1-80b4-00c04fd430f9," ""PERTENECE"""," ""6c5b4a3c-2b1a-0b9c-8d7e-6f5a4b3c2d1e""",
6ba7b849-9dad-11d1-80b4-00c04fd43100," ""PERTENECE"""," ""5b4a3c2b-1a0b-9c8d-7e6f-5a4b3c2d1e0f""",
6ba7b850-9dad-11d1-80b4-00c04fd43101," ""PERTENECE"""," ""9f8e7d6c-5b4a-3c2b-1a0b-9c8d7e6f5a4b""",
6ba7b851-9dad-11d1-80b4-00c04fd43102," ""PERTENECE"""," ""9f8e7d6c-5b4a-3c2b-1a0b-9c8d7e6f5a4b""",
6ba7b852-9dad-11d1-80b4-00c04fd43103," ""PERTENECE"""," ""8e7d6c5b-4a3c-2b1a-0b9c-8d7e6f5a4b3c""",
6ba7b853-9dad-11d1-80b4-00c04fd43104," ""PERTENECE"""," ""8e7d6c5b-4a3c-2b1a-0b9c-8d7e6f5a4b3c""",
6ba7b854-9dad-11d1-80b4-00c04fd43105," ""PERTENECE"""," ""7d6c5b4a-3c2b-1a0b-9c8d-7e6f5a4b3c2d""",
6ba7b855-9dad-11d1-80b4-00c04fd43106," ""PERTENECE"""," ""7d6c5b4a-3c2b-1a0b-9c8d-7e6f5a4b3c2d""",
6ba7b856-9dad-11d1-80b4-00c04fd43107," ""PERTENECE"""," ""6c5b4a3c-2b1a-0b9c-8d7e-6f5a4b3c2d1e""",
6ba7b857-9dad-11d1-80b4-00c04fd43108," ""PERTENECE"""," ""6c5b4a3c-2b1a-0b9c-8d7e-6f5a4b3c2d1e""",
6ba7b858-9dad-11d1-80b4-00c04fd43109," ""PERTENECE"""," ""5b4a3c2b-1a0b-9c8d-7e6f-5a4b3c2d1e0f""",
6ba7b859-9dad-11d1-80b4-00c04fd43110," ""PERTENECE"""," ""5b4a3c2b-1a0b-9c8d-7e6f-5a4b3c2d1e0f""",
6ba7b860-9dad-11d1-80b4-00c04fd43111," ""PERTENECE"""," ""9f8e7d6c-5b4a-3c2b-1a0b-9c8d7e6f5a4b""",
6ba7b861-9dad-11d1-80b4-00c04fd43112," ""PERTENECE"""," ""8e7d6c5b-4a3c-2b1a-0b9c-8d7e6f5a4b3c""",
6ba7b862-9dad-11d1-80b4-00c04fd43113," ""PERTENECE"""," ""7d6c5b4a-3c2b-1a0b-9c8d-7e6f5a4b3c2d""",
6ba7b863-9dad-11d1-80b4-00c04fd43114," ""PERTENECE"""," ""6c5b4a3c-2b1a-0b9c-8d7e-6f5a4b3c2d1e""",
6ba7b864-9dad-11d1-80b4-00c04fd43115," ""PERTENECE"""," ""5b4a3c2b-1a0b-9c8d-7e6f-5a4b3c2d1e0f""",
6ba7b865-9dad-11d1-80b4-00c04fd43116," ""PERTENECE"""," ""9f8e7d6c-5b4a-3c2b-1a0b-9c8d7e6f5a4b""",
6ba7b866-9dad-11d1-80b4-00c04fd43117," ""PERTENECE"""," ""8e7d6c5b-4a3c-2b1a-0b9c-8d7e6f5a4b3c""",
6ba7b867-9dad-11d1-80b4-00c04fd43118," ""PERTENECE"""," ""7d6c5b4a-3c2b-1a0b-9c8d-7e6f5a4b3c2d""",
6ba7b868-9dad-11d1-80b4-00c04fd43119," ""PERTENECE"""," ""6c5b4a3c-2b1a-0b9c-8d7e-6f5a4b3c2d1e""",
6ba7b869-9dad-11d1-80b4-00c04fd43120," ""PERTENECE"""," ""5b4a3c2b-1a0b-9c8d-7e6f-5a4b3c2d1e0f""",
6ba7b870-9dad-11d1-80b4-00c04fd43121," ""PERTENECE"""," ""9f8e7d6c-5b4a-3c2b-1a0b-9c8d7e6f5a4b""",
6ba7b871-9dad-11d1-80b4-00c04fd43122," ""PERTENECE"""," ""8e7d6c5b-4a3c-2b1a-0b9c-8d7e6f5a4b3c""",
6ba7b872-9dad-11d1-80b4-00c04fd43123," ""PERTENECE"""," ""7d6c5b4a-3c2b-1a0b-9c8d-7e6f5a4b3c2d""",
6ba7b873-9dad-11d1-80b4-00c04fd43124," ""PERTENECE"""," ""6c5b4a3c-2b1a-0b9c-8d7e-6f5a4b3c2d1e""",
6ba7b874-9dad-11d1-80b4-00c04fd43125," ""PERTENECE"""," ""5b4a3c2b-1a0b-9c8d-7e6f-5a4b3c2d1e0f""",
6ba7b875-9dad-11d1-80b4-00c04fd43126," ""PERTENECE"""," ""9f8e7d6c-5b4a-3c2b-1a0b-9c8d7e6f5a4b""",
6ba7b876-9dad-11d1-80b4-00c04fd43127," ""PERTENECE"""," ""8e7d6c5b-4a3c-2b1a-0b9c-8d7e6f5a4b3c""",
6ba7b877-9dad-11d1-80b4-00c04fd43128," ""PERTENECE"""," ""7d6c5b4a-3c2b-1a0b-9c8d-7e6f5a4b3c2d""",
6ba7b878-9dad-11d1-80b4-00c04fd43129," ""PERTENECE"""," ""6c5b4a3c-2b1a-0b9c-8d7e-6f5a4b3c2d1e""",
6ba7b879-9dad-11d1-80b4-00c04fd43130," ""PERTENECE"""," ""5b4a3c2b-1a0b-9c8d-7e6f-5a4b3c2d1e0f""",
6ba7b880-9dad-11d1-80b4-00c04fd43131," ""PERTENECE"""," ""9f8e7d6c-5b4a-3c2b-1a0b-9c8d7e6f5a4b""",
6ba7b881-9dad-11d1-80b4-00c04fd43132," ""PERTENECE"""," ""8e7d6c5b-4a3c-2b1a-0b9c-8d7e6f5a4b3c""",
6ba7b882-9dad-11d1-80b4-00c04fd43133," ""PERTENECE"""," ""7d6c5b4a-3c2b-1a0b-9c8d-7e6f5a4b3c2d""",
6ba7b883-9dad-11d1-80b4-00c04fd43134," ""PERTENECE"""," ""6c5b4a3c-2b1a-0b9c-8d7e-6f5a4b3c2d1e""",
6ba7b884-9dad-11d1-80b4-00c04fd43135," ""PERTENECE"""," ""5b4a3c2b-1a0b-9c8d-7e6f-5a4b3c2d1e0f""",
6ba7b885-9dad-11d1-80b4-00c04fd43136," ""PERTENECE"""," ""9f8e7d6c-5b4a-3c2b-1a0b-9c8d7e6f5a4b""",
6ba7b886-9dad-11d1-80b4-00c04fd43137," ""PERTENECE"""," ""8e7d6c5b-4a3c-2b1a-0b9c-8d7e6f5a4b3c""",
6ba7b887-9dad-11d1-80b4-00c04fd43138," ""PERTENECE"""," ""7d6c5b4a-3c2b-1a0b-9c8d-7e6f5a4b3c2d""",
6ba7b888-9dad-11d1-80b4-00c04fd43139," ""PERTENECE"""," ""6c5b4a3c-2b1a-0b9c-8d7e-6f5a4b3c2d1e""",
6ba7b889-9dad-11d1-80b4-00c04fd43140," ""PERTENECE"""," ""5b4a3c2b-1a0b-9c8d-7e6f-5a4b3c2d1e0f""",
6ba7b890-9dad-11d1-80b4-00c04fd43141," ""PERTENECE"""," ""9f8e7d6c-5b4a-3c2b-1a0b-9c8d7e6f5a4b""",
6ba7b891-9dad-11d1-80b4-00c04fd43142," ""PERTENECE"""," ""8e7d6c5b-4a3c-2b1a-0b9c-8d7e6f5a4b3c""",
6ba7b892-9dad-11d1-80b4-00c04fd43143," ""PERTENECE"""," ""7d6c5b4a-3c2b-1a0b-9c8d-7e6f5a4b3c2d""",
6ba7b893-9dad-11d1-80b4-00c04fd43144," ""PERTENECE"""," ""6c5b4a3c-2b1a-0b9c-8d7e-6f5a4b3c2d1e""",
6ba7b894-9dad-11d1-80b4-00c04fd43145," ""PERTENECE"""," ""5b4a3c2b-1a0b-9c8d-7e6f-5a4b3c2d1e0f""",
6ba7b895-9dad-11d1-80b4-00c04fd43146," ""PERTENECE"""," ""9f8e7d6c-5b4a-3c2b-1a0b-9c8d7e6f5a4b""",
6ba7b896-9dad-11d1-80b4-00c04fd43147," ""PERTENECE"""," ""8e7d6c5b-4a3c-2b1a-0b9c-8d7e6f5a4b3c""",
6ba7b897-9dad-11d1-80b4-00c04fd43148," ""PERTENECE"""," ""7d6c5b4a-3c2b-1a0b-9c8d-7e6f5a4b3c2d""",
6ba7b898-9dad-11d1-80b4-00c04fd43149," ""PERTENECE"""," ""6c5b4a3c-2b1a-0b9c-8d7e-6f5a4b3c2d1e""",
6ba7b899-9dad-11d1-80b4-00c04fd43150," ""PERTENECE"""," ""5b4a3c2b-1a0b-9c8d-7e6f-5a4b3c2d1e0f""",
6ba7b900-9dad-11d1-80b4-00c04fd43151," ""PERTENECE"""," ""9f8e7d6c-5b4a-3c2b-1a0b-9c8d7e6f5a4b""",
6ba7b901-9dad-11d1-80b4-00c04fd43152," ""PERTENECE"""," ""8e7d6c5b-4a3c-2b1a-0b9c-8d7e6f5a4b3c""",
6ba7b902-9dad-11d1-80b4-00c04fd43153," ""PERTENECE"""," ""7d6c5b4a-3c2b-1a0b-9c8d-7e6f5a4b3c2d""",
6ba7b903-9dad-11d1-80b4-00c04fd43154," ""PERTENECE"""," ""6c5b4a3c-2b1a-0b9c-8d7e-6f5a4b3c2d1e""",
6ba7b904-9dad-11d1-80b4-00c04fd43155," ""PERTENECE"""," ""5b4a3c2b-1a0b-9c8d-7e6f-5a4b3c2d1e0f""",
6ba7b905-9dad-11d1-80b4-00c04fd43156," ""PERTENECE"""," ""9f8e7d6c-5b4a-3c2b-1a0b-9c8d7e6f5a4b""",
6ba7b906-9dad-11d1-80b4-00c04fd43157," ""PERTENECE"""," ""8e7d6c5b-4a3c-2b1a-0b9c-8d7e6f5a4b3c""",
6ba7b907-9dad-11d1-80b4-00c04fd43158," ""PERTENECE"""," ""7d6c5b4a-3c2b-1a0b-9c8d-7e6f5a4b3c2d""",
6ba7b908-9dad-11d1-80b4-00c04fd43159," ""PERTENECE"""," ""6c5b4a3c-2b1a-0b9c-8d7e-6f5a4b3c2d1e""",
6ba7b909-9dad-11d1-80b4-00c04fd43160," ""PERTENECE"""," ""5b4a3c2b-1a0b-9c8d-7e6f-5a4b3c2d1e0f""",
,,,
9f8e7d6c-5b4a-3c2b-1a0b-9c8d7e6f5a4b," ""GUARDA"""," ""6ba7b810-9dad-11d1-80b4-00c04fd430c1""",
9f8e7d6c-5b4a-3c2b-1a0b-9c8d7e6f5a4b," ""GUARDA"""," ""6ba7b811-9dad-11d1-80b4-00c04fd430c2""",
8e7d6c5b-4a3c-2b1a-0b9c-8d7e6f5a4b3c," ""GUARDA"""," ""6ba7b812-9dad-11d1-80b4-00c04fd430c3""",
8e7d6c5b-4a3c-2b1a-0b9c-8d7e6f5a4b3c," ""GUARDA"""," ""6ba7b813-9dad-11d1-80b4-00c04fd430c4""",
7d6c5b4a-3c2b-1a0b-9c8d-7e6f5a4b3c2d," ""GUARDA"""," ""6ba7b814-9dad-11d1-80b4-00c04fd430c5""",
7d6c5b4a-3c2b-1a0b-9c8d-7e6f5a4b3c2d," ""GUARDA"""," ""6ba7b815-9dad-11d1-80b4-00c04fd430c6""",
6c5b4a3c-2b1a-0b9c-8d7e-6f5a4b3c2d1e," ""GUARDA"""," ""6ba7b816-9dad-11d1-80b4-00c04fd430c7""",
6c5b4a3c-2b1a-0b9c-8d7e-6f5a4b3c2d1e," ""GUARDA"""," ""6ba7b817-9dad-11d1-80b4-00c04fd430c8""",
5b4a3c2b-1a0b-9c8d-7e6f-5a4b3c2d1e0f," ""GUARDA"""," ""6ba7b818-9dad-11d1-80b4-00c04fd430c9""",
5b4a3c2b-1a0b-9c8d-7e6f-5a4b3c2d1e0f," ""GUARDA"""," ""6ba7b819-9dad-11d1-80b4-00c04fd430d0""",
9f8e7d6c-5b4a-3c2b-1a0b-9c8d7e6f5a4b," ""GUARDA"""," ""6ba7b820-9dad-11d1-80b4-00c04fd430d1""",
8e7d6c5b-4a3c-2b1a-0b9c-8d7e6f5a4b3c," ""GUARDA"""," ""6ba7b821-9dad-11d1-80b4-00c04fd430d2""",
7d6c5b4a-3c2b-1a0b-9c8d-7e6f5a4b3c2d," ""GUARDA"""," ""6ba7b822-9dad-11d1-80b4-00c04fd430d3""",
6c5b4a3c-2b1a-0b9c-8d7e-6f5a4b3c2d1e," ""GUARDA"""," ""6ba7b823-9dad-11d1-80b4-00c04fd430d4""",
5b4a3c2b-1a0b-9c8d-7e6f-5a4b3c2d1e0f," ""GUARDA"""," ""6ba7b824-9dad-11d1-80b4-00c04fd430d5""",
9f8e7d6c-5b4a-3c2b-1a0b-9c8d7e6f5a4b," ""GUARDA"""," ""6ba7b825-9dad-11d1-80b4-00c04fd430d6""",
8e7d6c5b-4a3c-2b1a-0b9c-8d7e6f5a4b3c," ""GUARDA"""," ""6ba7b826-9dad-11d1-80b4-00c04fd430d7""",
7d6c5b4a-3c2b-1a0b-9c8d-7e6f5a4b3c2d," ""GUARDA"""," ""6ba7b827-9dad-11d1-80b4-00c04fd430d8""",
6c5b4a3c-2b1a-0b9c-8d7e-6f5a4b3c2d1e," ""GUARDA"""," ""6ba7b828-9dad-11d1-80b4-00c04fd430d9""",
5b4a3c2b-1a0b-9c8d-7e6f-5a4b3c2d1e0f," ""GUARDA"""," ""6ba7b829-9dad-11d1-80b4-00c04fd430e0""",
9f8e7d6c-5b4a-3c2b-1a0b-9c8d7e6f5a4b," ""GUARDA"""," ""6ba7b830-9dad-11d1-80b4-00c04fd430e1""",
8e7d6c5b-4a3c-2b1a-0b9c-8d7e6f5a4b3c," ""GUARDA"""," ""6ba7b831-9dad-11d1-80b4-00c04fd430e2""",
7d6c5b4a-3c2b-1a0b-9c8d-7e6f5a4b3c2d," ""GUARDA"""," ""6ba7b832-9dad-11d1-80b4-00c04fd430e3""",
6c5b4a3c-2b1a-0b9c-8d7e-6f5a4b3c2d1e," ""GUARDA"""," ""6ba7b833-9dad-11d1-80b4-00c04fd430e4""",
5b4a3c2b-1a0b-9c8d-7e6f-5a4b3c2d1e0f," ""GUARDA"""," ""6ba7b834-9dad-11d1-80b4-00c04fd430e5""",
9f8e7d6c-5b4a-3c2b-1a0b-9c8d7e6f5a4b," ""GUARDA"""," ""6ba7b835-9dad-11d1-80b4-00c04fd430e6""",
8e7d6c5b-4a3c-2b1a-0b9c-8d7e6f5a4b3c," ""GUARDA"""," ""6ba7b836-9dad-11d1-80b4-00c04fd430e7""",
7d6c5b4a-3c2b-1a0b-9c8d-7e6f5a4b3c2d," ""GUARDA"""," ""6ba7b837-9dad-11d1-80b4-00c04fd430e8""",
6c5b4a3c-2b1a-0b9c-8d7e-6f5a4b3c2d1e," ""GUARDA"""," ""6ba7b838-9dad-11d1-80b4-00c04fd430e9""",
5b4a3c2b-1a0b-9c8d-7e6f-5a4b3c2d1e0f," ""GUARDA"""," ""6ba7b839-9dad-11d1-80b4-00c04fd430f0""",
9f8e7d6c-5b4a-3c2b-1a0b-9c8d7e6f5a4b," ""GUARDA"""," ""6ba7b840-9dad-11d1-80b4-00c04fd430f1""",
8e7d6c5b-4a3c-2b1a-0b9c-8d7e6f5a4b3c," ""GUARDA"""," ""6ba7b841-9dad-11d1-80b4-00c04fd430f2""",
7d6c5b4a-3c2b-1a0b-9c8d-7e6f5a4b3c2d," ""GUARDA"""," ""6ba7b842-9dad-11d1-80b4-00c04fd430f3""",
6c5b4a3c-2b1a-0b9c-8d7e-6f5a4b3c2d1e," ""GUARDA"""," ""6ba7b843-9dad-11d1-80b4-00c04fd430f4""",
5b4a3c2b-1a0b-9c8d-7e6f-5a4b3c2d1e0f," ""GUARDA"""," ""6ba7b844-9dad-11d1-80b4-00c04fd430f5""",
9f8e7d6c-5b4a-3c2b-1a0b-9c8d7e6f5a4b," ""GUARDA"""," ""6ba7b845-9dad-11d1-80b4-00c04fd430f6""",
8e7d6c5b-4a3c-2b1a-0b9c-8d7e6f5a4b3c," ""GUARDA"""," ""6ba7b846-9dad-11d1-80b4-00c04fd430f7""",
7d6c5b4a-3c2b-1a0b-9c8d-7e6f5a4b3c2d," ""GUARDA"""," ""6ba7b847-9dad-11d1-80b4-00c04fd430f8""",
6c5b4a3c-2b1a-0b9c-8d7e-6f5a4b3c2d1e," ""GUARDA"""," ""6ba7b848-9dad-11d1-80b4-00c04fd430f9""",
5b4a3c2b-1a0b-9c8d-7e6f-5a4b3c2d1e0f," ""GUARDA"""," ""6ba7b849-9dad-11d1-80b4-00c04fd43100""",
9f8e7d6c-5b4a-3c2b-1a0b-9c8d7e6f5a4b," ""GUARDA"""," ""6ba7b850-9dad-11d1-80b4-00c04fd43101""",
9f8e7d6c-5b4a-3c2b-1a0b-9c8d7e6f5a4b," ""GUARDA"""," ""6ba7b851-9dad-11d1-80b4-00c04fd43102""",
8e7d6c5b-4a3c-2b1a-0b9c-8d7e6f5a4b3c," ""GUARDA"""," ""6ba7b852-9dad-11d1-80b4-00c04fd43103""",
8e7d6c5b-4a3c-2b1a-0b9c-8d7e6f5a4b3c," ""GUARDA"""," ""6ba7b853-9dad-11d1-80b4-00c04fd43104""",
7d6c5b4a-3c2b-1a0b-9c8d-7e6f5a4b3c2d," ""GUARDA"""," ""6ba7b854-9dad-11d1-80b4-00c04fd43105""",
7d6c5b4a-3c2b-1a0b-9c8d-7e6f5a4b3c2d," ""GUARDA"""," ""6ba7b855-9dad-11d1-80b4-00c04fd43106""",
6c5b4a3c-2b1a-0b9c-8d7e-6f5a4b3c2d1e," ""GUARDA"""," ""6ba7b856-9dad-11d1-80b4-00c04fd43107""",
6c5b4a3c-2b1a-0b9c-8d7e-6f5a4b3c2d1e," ""GUARDA"""," ""6ba7b857-9dad-11d1-80b4-00c04fd43108""",
5b4a3c2b-1a0b-9c8d-7e6f-5a4b3c2d1e0f," ""GUARDA"""," ""6ba7b858-9dad-11d1-80b4-00c04fd43109""",
5b4a3c2b-1a0b-9c8d-7e6f-5a4b3c2d1e0f," ""GUARDA"""," ""6ba7b859-9dad-11d1-80b4-00c04fd43110""",
9f8e7d6c-5b4a-3c2b-1a0b-9c8d7e6f5a4b," ""GUARDA"""," ""6ba7b860-9dad-11d1-80b4-00c04fd43111""",
8e7d6c5b-4a3c-2b1a-0b9c-8d7e6f5a4b3c," ""GUARDA"""," ""6ba7b861-9dad-11d1-80b4-00c04fd43112""",
7d6c5b4a-3c2b-1a0b-9c8d-7e6f5a4b3c2d," ""GUARDA"""," ""6ba7b862-9dad-11d1-80b4-00c04fd43113""",
6c5b4a3c-2b1a-0b9c-8d7e-6f5a4b3c2d1e," ""GUARDA"""," ""6ba7b863-9dad-11d1-80b4-00c04fd43114""",
5b4a3c2b-1a0b-9c8d-7e6f-5a4b3c2d1e0f," ""GUARDA"""," ""6ba7b864-9dad-11d1-80b4-00c04fd43115""",
9f8e7d6c-5b4a-3c2b-1a0b-9c8d7e6f5a4b," ""GUARDA"""," ""6ba7b865-9dad-11d1-80b4-00c04fd43116""",
8e7d6c5b-4a3c-2b1a-0b9c-8d7e6f5a4b3c," ""GUARDA"""," ""6ba7b866-9dad-11d1-80b4-00c04fd43117""",
7d6c5b4a-3c2b-1a0b-9c8d-7e6f5a4b3c2d," ""GUARDA"""," ""6ba7b867-9dad-11d1-80b4-00c04fd43118""",
6c5b4a3c-2b1a-0b9c-8d7e-6f5a4b3c2d1e," ""GUARDA"""," ""6ba7b868-9dad-11d1-80b4-00c04fd43119""",
5b4a3c2b-1a0b-9c8d-7e6f-5a4b3c2d1e0f," ""GUARDA"""," ""6ba7b869-9dad-11d1-80b4-00c04fd43120""",
9f8e7d6c-5b4a-3c2b-1a0b-9c8d7e6f5a4b," ""GUARDA"""," ""6ba7b870-9dad-11d1-80b4-00c04fd43121""",
8e7d6c5b-4a3c-2b1a-0b9c-8d7e6f5a4b3c," ""GUARDA"""," ""6ba7b871-9dad-11d1-80b4-00c04fd43122""",
7d6c5b4a-3c2b-1a0b-9c8d-7e6f5a4b3c2d," ""GUARDA"""," ""6ba7b872-9dad-11d1-80b4-00c04fd43123""",
6c5b4a3c-2b1a-0b9c-8d7e-6f5a4b3c2d1e," ""GUARDA"""," ""6ba7b873-9dad-11d1-80b4-00c04fd43124""",
5b4a3c2b-1a0b-9c8d-7e6f-5a4b3c2d1e0f," ""GUARDA"""," ""6ba7b874-9dad-11d1-80b4-00c04fd43125""",
9f8e7d6c-5b4a-3c2b-1a0b-9c8d7e6f5a4b," ""GUARDA"""," ""6ba7b875-9dad-11d1-80b4-00c04fd43126""",
8e7d6c5b-4a3c-2b1a-0b9c-8d7e6f5a4b3c," ""GUARDA"""," ""6ba7b876-9dad-11d1-80b4-00c04fd43127""",
7d6c5b4a-3c2b-1a0b-9c8d-7e6f5a4b3c2d," ""GUARDA"""," ""6ba7b877-9dad-11d1-80b4-00c04fd43128""",
6c5b4a3c-2b1a-0b9c-8d7e-6f5a4b3c2d1e," ""GUARDA"""," ""6ba7b878-9dad-11d1-80b4-00c04fd43129""",
5b4a3c2b-1a0b-9c8d-7e6f-5a4b3c2d1e0f," ""GUARDA"""," ""6ba7b879-9dad-11d1-80b4-00c04fd43130""",
9f8e7d6c-5b4a-3c2b-1a0b-9c8d7e6f5a4b," ""GUARDA"""," ""6ba7b880-9dad-11d1-80b4-00c04fd43131""",
8e7d6c5b-4a3c-2b1a-0b9c-8d7e6f5a4b3c," ""GUARDA"""," ""6ba7b881-9dad-11d1-80b4-00c04fd43132""",
7d6c5b4a-3c2b-1a0b-9c8d-7e6f5a4b3c2d," ""GUARDA"""," ""6ba7b882-9dad-11d1-80b4-00c04fd43133""",
6c5b4a3c-2b1a-0b9c-8d7e-6f5a4b3c2d1e," ""GUARDA"""," ""6ba7b883-9dad-11d1-80b4-00c04fd43134""",
5b4a3c2b-1a0b-9c8d-7e6f-5a4b3c2d1e0f," ""GUARDA"""," ""6ba7b884-9dad-11d1-80b4-00c04fd43135""",
9f8e7d6c-5b4a-3c2b-1a0b-9c8d7e6f5a4b," ""GUARDA"""," ""6ba7b885-9dad-11d1-80b4-00c04fd43136""",
8e7d6c5b-4a3c-2b1a-0b9c-8d7e6f5a4b3c," ""GUARDA"""," ""6ba7b886-9dad-11d1-80b4-00c04fd43137""",
7d6c5b4a-3c2b-1a0b-9c8d-7e6f5a4b3c2d," ""GUARDA"""," ""6ba7b887-9dad-11d1-80b4-00c04fd43138""",
6c5b4a3c-2b1a-0b9c-8d7e-6f5a4b3c2d1e," ""GUARDA"""," ""6ba7b888-9dad-11d1-80b4-00c04fd43139""",
5b4a3c2b-1a0b-9c8d-7e6f-5a4b3c2d1e0f," ""GUARDA"""," ""6ba7b889-9dad-11d1-80b4-00c04fd43140""",
9f8e7d6c-5b4a-3c2b-1a0b-9c8d7e6f5a4b," ""GUARDA"""," ""6ba7b890-9dad-11d1-80b4-00c04fd43141""",
8e7d6c5b-4a3c-2b1a-0b9c-8d7e6f5a4b3c," ""GUARDA"""," ""6ba7b891-9dad-11d1-80b4-00c04fd43142""",
7d6c5b4a-3c2b-1a0b-9c8d-7e6f5a4b3c2d," ""GUARDA"""," ""6ba7b892-9dad-11d1-80b4-00c04fd43143""",
6c5b4a3c-2b1a-0b9c-8d7e-6f5a4b3c2d1e," ""GUARDA"""," ""6ba7b893-9dad-11d1-80b4-00c04fd43144""",
5b4a3c2b-1a0b-9c8d-7e6f-5a4b3c2d1e0f," ""GUARDA"""," ""6ba7b894-9dad-11d1-80b4-00c04fd43145""",
9f8e7d6c-5b4a-3c2b-1a0b-9c8d7e6f5a4b," ""GUARDA"""," ""6ba7b895-9dad-11d1-80b4-00c04fd43146""",
8e7d6c5b-4a3c-2b1a-0b9c-8d7e6f5a4b3c," ""GUARDA"""," ""6ba7b896-9dad-11d1-80b4-00c04fd43147""",
7d6c5b4a-3c2b-1a0b-9c8d-7e6f5a4b3c2d," ""GUARDA"""," ""6ba7b897-9dad-11d1-80b4-00c04fd43148""",
6c5b4a3c-2b1a-0b9c-8d7e-6f5a4b3c2d1e," ""GUARDA"""," ""6ba7b898-9dad-11d1-80b4-00c04fd43149""",
5b4a3c2b-1a0b-9c8d-7e6f-5a4b3c2d1e0f," ""GUARDA"""," ""6ba7b899-9dad-11d1-80b4-00c04fd43150""",
9f8e7d6c-5b4a-3c2b-1a0b-9c8d7e6f5a4b," ""GUARDA"""," ""6ba7b900-9dad-11d1-80b4-00c04fd43151""",
8e7d6c5b-4a3c-2b1a-0b9c-8d7e6f5a4b3c," ""GUARDA"""," ""6ba7b901-9dad-11d1-80b4-00c04fd43152""",
7d6c5b4a-3c2b-1a0b-9c8d-7e6f5a4b3c2d," ""GUARDA"""," ""6ba7b902-9dad-11d1-80b4-00c04fd43153""",
6c5b4a3c-2b1a-0b9c-8d7e-6f5a4b3c2d1e," ""GUARDA"""," ""6ba7b903-9dad-11d1-80b4-00c04fd43154""",
5b4a3c2b-1a0b-9c8d-7e6f-5a4b3c2d1e0f," ""GUARDA"""," ""6ba7b904-9dad-11d1-80b4-00c04fd43155""",
9f8e7d6c-5b4a-3c2b-1a0b-9c8d7e6f5a4b," ""GUARDA"""," ""6ba7b905-9dad-11d1-80b4-00c04fd43156""",
8e7d6c5b-4a3c-2b1a-0b9c-8d7e6f5a4b3c," ""GUARDA"""," ""6ba7b906-9dad-11d1-80b4-00c04fd43157""",
7d6c5b4a-3c2b-1a0b-9c8d-7e6f5a4b3c2d," ""GUARDA"""," ""6ba7b907-9dad-11d1-80b4-00c04fd43158""",
6c5b4a3c-2b1a-0b9c-8d7e-6f5a4b3c2d1e," ""GUARDA"""," ""6ba7b908-9dad-11d1-80b4-00c04fd43159""",
5b4a3c2b-1a0b-9c8d-7e6f-5a4b3c2d1e0f," ""GUARDA"""," ""6ba7b909-9dad-11d1-80b4-00c04fd43160""",
,,,
6ba7b810-9dad-11d1-80b4-00c04fd430c1," ""LE_CORRESPONDE"""," ""a1b2c3d4-e5f6-4a7b-8c9d-0e1f2a3b4c5d""",
6ba7b811-9dad-11d1-80b4-00c04fd430c2," ""LE_CORRESPONDE"""," ""b2c3d4e5-f6g7-5b8c-9d0e-1f2a3b4c5d6e""",
6ba7b812-9dad-11d1-80b4-00c04fd430c3," ""LE_CORRESPONDE"""," ""c3d4e5f6-g7h8-6c9d-0e1f-2a3b4c5d6e7f""",
6ba7b813-9dad-11d1-80b4-00c04fd430c4," ""LE_CORRESPONDE"""," ""d4e5f6g7-h8i9-7d0e-1f2a-3b4c5d6e7f8""",
6ba7b815-9dad-11d1-80b4-00c04fd430c6," ""LE_CORRESPONDE"""," ""f6g7h8i9-j0k1-9f2a-3b4c-5d6e7f8g9h0""",
6ba7b816-9dad-11d1-80b4-00c04fd430c7," ""LE_CORRESPONDE"""," ""g7h8i9j0-k1l2-0g3b-4c5d-6e7f8g9h0i1""",
6ba7b817-9dad-11d1-80b4-00c04fd430c8," ""LE_CORRESPONDE"""," ""h8i9j0k1-l2m3-1h4c-5d6e-7f8g9h0i1j2""",
6ba7b818-9dad-11d1-80b4-00c04fd430c9," ""LE_CORRESPONDE"""," ""i9j0k1l2-m3n4-2i5d-6e7f-8g9h0i1j2k3""",
6ba7b819-9dad-11d1-80b4-00c04fd430d0," ""LE_CORRESPONDE"""," ""a1b2c3d4-e5f6-4a7b-8c9d-0e1f2a3b4c5d""",
6ba7b820-9dad-11d1-80b4-00c04fd430d1," ""LE_CORRESPONDE"""," ""b2c3d4e5-f6g7-5b8c-9d0e-1f2a3b4c5d6e""",
6ba7b821-9dad-11d1-80b4-00c04fd430d2," ""LE_CORRESPONDE"""," ""c3d4e5f6-g7h8-6c9d-0e1f-2a3b4c5d6e7f""",
6ba7b822-9dad-11d1-80b4-00c04fd430d3," ""LE_CORRESPONDE"""," ""d4e5f6g7-h8i9-7d0e-1f2a-3b4c5d6e7f8""",
6ba7b823-9dad-11d1-80b4-00c04fd430d4," ""LE_CORRESPONDE"""," ""e5f6g7h8-i9j0-8e1f-2a3b-4c5d6e7f8g9""",
6ba7b824-9dad-11d1-80b4-00c04fd430d5," ""LE_CORRESPONDE"""," ""f6g7h8i9-j0k1-9f2a-3b4c-5d6e7f8g9h0""",
6ba7b825-9dad-11d1-80b4-00c04fd430d6," ""LE_CORRESPONDE"""," ""g7h8i9j0-k1l2-0g3b-4c5d-6e7f8g9h0i1""",
6ba7b826-9dad-11d1-80b4-00c04fd430d7," ""LE_CORRESPONDE"""," ""h8i9j0k1-l2m3-1h4c-5d6e-7f8g9h0i1j2""",
6ba7b828-9dad-11d1-80b4-00c04fd430d9," ""LE_CORRESPONDE"""," ""a1b2c3d4-e5f6-4a7b-8c9d-0e1f2a3b4c5d""",
6ba7b829-9dad-11d1-80b4-00c04fd430e0," ""LE_CORRESPONDE"""," ""b2c3d4e5-f6g7-5b8c-9d0e-1f2a3b4c5d6e""",
6ba7b830-9dad-11d1-80b4-00c04fd430e1," ""LE_CORRESPONDE"""," ""c3d4e5f6-g7h8-6c9d-0e1f-2a3b4c5d6e7f""",
6ba7b831-9dad-11d1-80b4-00c04fd430e2," ""LE_CORRESPONDE"""," ""d4e5f6g7-h8i9-7d0e-1f2a-3b4c5d6e7f8""",
6ba7b832-9dad-11d1-80b4-00c04fd430e3," ""LE_CORRESPONDE"""," ""e5f6g7h8-i9j0-8e1f-2a3b-4c5d6e7f8g9""",
6ba7b833-9dad-11d1-80b4-00c04fd430e4," ""LE_CORRESPONDE"""," ""f6g7h8i9-j0k1-9f2a-3b4c-5d6e7f8g9h0""",
6ba7b835-9dad-11d1-80b4-00c04fd430e6," ""LE_CORRESPONDE"""," ""h8i9j0k1-l2m3-1h4c-5d6e-7f8g9h0i1j2""",
6ba7b836-9dad-11d1-80b4-00c04fd430e7," ""LE_CORRESPONDE"""," ""i9j0k1l2-m3n4-2i5d-6e7f-8g9h0i1j2k3""",
6ba7b837-9dad-11d1-80b4-00c04fd430e8," ""LE_CORRESPONDE"""," ""a1b2c3d4-e5f6-4a7b-8c9d-0e1f2a3b4c5d""",
6ba7b838-9dad-11d1-80b4-00c04fd430e9," ""LE_CORRESPONDE"""," ""b2c3d4e5-f6g7-5b8c-9d0e-1f2a3b4c5d6e""",
6ba7b839-9dad-11d1-80b4-00c04fd430f0," ""LE_CORRESPONDE"""," ""c3d4e5f6-g7h8-6c9d-0e1f-2a3b4c5d6e7f""",
6ba7b840-9dad-11d1-80b4-00c04fd430f1," ""LE_CORRESPONDE"""," ""d4e5f6g7-h8i9-7d0e-1f2a-3b4c5d6e7f8""",
6ba7b841-9dad-11d1-80b4-00c04fd430f2," ""LE_CORRESPONDE"""," ""e5f6g7h8-i9j0-8e1f-2a3b-4c5d6e7f8g9""",
6ba7b842-9dad-11d1-80b4-00c04fd430f3," ""LE_CORRESPONDE"""," ""f6g7h8i9-j0k1-9f2a-3b4c-5d6e7f8g9h0""",
6ba7b843-9dad-11d1-80b4-00c04fd430f4," ""LE_CORRESPONDE"""," ""g7h8i9j0-k1l2-0g3b-4c5d-6e7f8g9h0i1""",
6ba7b844-9dad-11d1-80b4-00c04fd430f5," ""LE_CORRESPONDE"""," ""h8i9j0k1-l2m3-1h4c-5d6e-7f8g9h0i1j2""",
6ba7b845-9dad-11d1-80b4-00c04fd430f6," ""LE_CORRESPONDE"""," ""i9j0k1l2-m3n4-2i5d-6e7f-8g9h0i1j2k3""",
6ba7b846-9dad-11d1-80b4-00c04fd430f7," ""LE_CORRESPONDE"""," ""a1b2c3d4-e5f6-4a7b-8c9d-0e1f2a3b4c5d""",
6ba7b847-9dad-11d1-80b4-00c04fd430f8," ""LE_CORRESPONDE"""," ""b2c3d4e5-f6g7-5b8c-9d0e-1f2a3b4c5d6e""",
6ba7b848-9dad-11d1-80b4-00c04fd430f9," ""LE_CORRESPONDE"""," ""c3d4e5f6-g7h8-6c9d-0e1f-2a3b4c5d6e7f""",
6ba7b850-9dad-11d1-80b4-00c04fd43101," ""LE_CORRESPONDE"""," ""e5f6g7h8-i9j0-8e1f-2a3b-4c5d6e7f8g9""",
6ba7b851-9dad-11d1-80b4-00c04fd43102," ""LE_CORRESPONDE"""," ""f6g7h8i9-j0k1-9f2a-3b4c-5d6e7f8g9h0""",
6ba7b852-9dad-11d1-80b4-00c04fd43103," ""LE_CORRESPONDE"""," ""g7h8i9j0-k1l2-0g3b-4c5d-6e7f8g9h0i1""",
6ba7b853-9dad-11d1-80b4-00c04fd43104," ""LE_CORRESPONDE"""," ""h8i9j0k1-l2m3-1h4c-5d6e-7f8g9h0i1j2""",
6ba7b854-9dad-11d1-80b4-00c04fd43105," ""LE_CORRESPONDE"""," ""i9j0k1l2-m3n4-2i5d-6e7f-8g9h0i1j2k3""",
6ba7b855-9dad-11d1-80b4-00c04fd43106," ""LE_CORRESPONDE"""," ""a1b2c3d4-e5f6-4a7b-8c9d-0e1f2a3b4c5d""",
6ba7b856-9dad-11d1-80b4-00c04fd43107," ""LE_CORRESPONDE"""," ""b2c3d4e5-f6g7-5b8c-9d0e-1f2a3b4c5d6e""",
6ba7b858-9dad-11d1-80b4-00c04fd43109," ""LE_CORRESPONDE"""," ""d4e5f6g7-h8i9-7d0e-1f2a-3b4c5d6e7f8""",
6ba7b859-9dad-11d1-80b4-00c04fd43110," ""LE_CORRESPONDE"""," ""e5f6g7h8-i9j0-8e1f-2a3b-4c5d6e7f8g9""",
6ba7b861-9dad-11d1-80b4-00c04fd43112," ""LE_CORRESPONDE"""," ""k1l2m3n4-o5p6-4k7f-8g9h-0i1j2k3l4m5""",
6ba7b862-9dad-11d1-80b4-00c04fd43113," ""LE_CORRESPONDE"""," ""l2m3n4o5-p6q7-5l8g-9h0i-1j2k3l4m5n6""",
6ba7b864-9dad-11d1-80b4-00c04fd43115," ""LE_CORRESPONDE"""," ""m3n4o5p6-q7r8-6m9h-0i1j-2k3l4m5n6o7""",
6ba7b865-9dad-11d1-80b4-00c04fd43116," ""LE_CORRESPONDE"""," ""n4o5p6q7-r8s9-7n0i-1j2k-3l4m5n6o7p8""",
6ba7b867-9dad-11d1-80b4-00c04fd43118," ""LE_CORRESPONDE"""," ""o5p6q7r8-s9t0-8o1j-2k3l-4m5n6o7p8q9""",
6ba7b868-9dad-11d1-80b4-00c04fd43119," ""LE_CORRESPONDE"""," ""p6q7r8s9-t0u1-9p2k-3l4m-5n6o7p8q9r0""",
6ba7b870-9dad-11d1-80b4-00c04fd43121," ""LE_CORRESPONDE"""," ""q7r8s9t0-u1v2-0q3l-4m5n-6o7p8q9r0s1""",
6ba7b871-9dad-11d1-80b4-00c04fd43122," ""LE_CORRESPONDE"""," ""r8s9t0u1-v2w3-1r4m-5n6o-7p8q9r0s1t2""",
6ba7b873-9dad-11d1-80b4-00c04fd43124," ""LE_CORRESPONDE"""," ""s9t0u1v2-w3x4-2s5n-6o7p-8q9r0s1t2u3""",
6ba7b874-9dad-11d1-80b4-00c04fd43125," ""LE_CORRESPONDE"""," ""t0u1v2w3-x4y5-3t6o-7p8q-9r0s1t2u3v4""",
6ba7b876-9dad-11d1-80b4-00c04fd43127," ""LE_CORRESPONDE"""," ""a1b2c3d4-e5f6-4a7b-8c9d-0e1f2a3b4c5d""",
6ba7b877-9dad-11d1-80b4-00c04fd43128," ""LE_CORRESPONDE"""," ""b2c3d4e5-f6g7-5b8c-9d0e-1f2a3b4c5d6e""",
6ba7b879-9dad-11d1-80b4-00c04fd43130," ""LE_CORRESPONDE"""," ""c3d4e5f6-g7h8-6c9d-0e1f-2a3b4c5d6e7f""",
6ba7b880-9dad-11d1-80b4-00c04fd43131," ""LE_CORRESPONDE"""," ""d4e5f6g7-h8i9-7d0e-1f2a-3b4c5d6e7f8""",
6ba7b882-9dad-11d1-80b4-00c04fd43133," ""LE_CORRESPONDE"""," ""e5f6g7h8-i9j0-8e1f-2a3b-4c5d6e7f8g9""",
6ba7b883-9dad-11d1-80b4-00c04fd43134," ""LE_CORRESPONDE"""," ""f6g7h8i9-j0k1-9f2a-3b4c-5d6e7f8g9h0""",
6ba7b885-9dad-11d1-80b4-00c04fd43136," ""LE_CORRESPONDE"""," ""g7h8i9j0-k1l2-0g3b-4c5d-6e7f8g9h0i1""",
6ba7b886-9dad-11d1-80b4-00c04fd43137," ""LE_CORRESPONDE"""," ""h8i9j0k1-l2m3-1h4c-5d6e-7f8g9h0i1j2""",
6ba7b888-9dad-11d1-80b4-00c04fd43139," ""LE_CORRESPONDE"""," ""i9j0k1l2-m3n4-2i5d-6e7f-8g9h0i1j2k3""",
6ba7b889-9dad-11d1-80b4-00c04fd43140," ""LE_CORRESPONDE"""," ""a1b2c3d4-e5f6-4a7b-8c9d-0e1f2a3b4c5d""",
6ba7b891-9dad-11d1-80b4-00c04fd43142," ""LE_CORRESPONDE"""," ""b2c3d4e5-f6g7-5b8c-9d0e-1f2a3b4c5d6e""",
6ba7b892-9dad-11d1-80b4-00c04fd43143," ""LE_CORRESPONDE"""," ""c3d4e5f6-g7h8-6c9d-0e1f-2a3b4c5d6e7f""",
6ba7b894-9dad-11d1-80b4-00c04fd43145," ""LE_CORRESPONDE"""," ""d4e5f6g7-h8i9-7d0e-1f2a-3b4c5d6e7f8""",
6ba7b895-9dad-11d1-80b4-00c04fd43146," ""LE_CORRESPONDE"""," ""e5f6g7h8-i9j0-8e1f-2a3b-4c5d6e7f8g9""",
6ba7b897-9dad-11d1-80b4-00c04fd43148," ""LE_CORRESPONDE"""," ""f6g7h8i9-j0k1-9f2a-3b4c-5d6e7f8g9h0""",
6ba7b898-9dad-11d1-80b4-00c04fd43149," ""LE_CORRESPONDE"""," ""g7h8i9j0-k1l2-0g3b-4c5d-6e7f8g9h0i1""",
6ba7b900-9dad-11d1-80b4-00c04fd43151," ""LE_CORRESPONDE"""," ""h8i9j0k1-l2m3-1h4c-5d6e-7f8g9h0i1j2""",
6ba7b901-9dad-11d1-80b4-00c04fd43152," ""LE_CORRESPONDE"""," ""i9j0k1l2-m3n4-2i5d-6e7f-8g9h0i1j2k3""",
6ba7b903-9dad-11d1-80b4-00c04fd43154," ""LE_CORRESPONDE"""," ""a1b2c3d4-e5f6-4a7b-8c9d-0e1f2a3b4c5d""",
6ba7b904-9dad-11d1-80b4-00c04fd43155," ""LE_CORRESPONDE"""," ""b2c3d4e5-f6g7-5b8c-9d0e-1f2a3b4c5d6e""",
6ba7b906-9dad-11d1-80b4-00c04fd43157," ""LE_CORRESPONDE"""," ""c3d4e5f6-g7h8-6c9d-0e1f-2a3b4c5d6e7f""",
6ba7b907-9dad-11d1-80b4-00c04fd43158," ""LE_CORRESPONDE"""," ""d4e5f6g7-h8i9-7d0e-1f2a-3b4c5d6e7f8""",
6ba7b909-9dad-11d1-80b4-00c04fd43160," ""LE_CORRESPONDE"""," ""e5f6g7h8-i9j0-8e1f-2a3b-4c5d6e7f8g9""",
,,,
a1b2c3d4-e5f6-4a7b-8c9d-0e1f2a3b4c5d," ""SOLUCIONA""",6ba7b810-9dad-11d1-80b4-00c04fd430c1,
b2c3d4e5-f6g7-5b8c-9d0e-1f2a3b4c5d6e," ""SOLUCIONA""",6ba7b811-9dad-11d1-80b4-00c04fd430c2,
c3d4e5f6-g7h8-6c9d-0e1f-2a3b4c5d6e7f," ""SOLUCIONA""",6ba7b812-9dad-11d1-80b4-00c04fd430c3,
d4e5f6g7-h8i9-7d0e-1f2a-3b4c5d6e7f8," ""SOLUCIONA""",6ba7b813-9dad-11d1-80b4-00c04fd430c4,
f6g7h8i9-j0k1-9f2a-3b4c-5d6e7f8g9h0," ""SOLUCIONA""",6ba7b815-9dad-11d1-80b4-00c04fd430c6,
g7h8i9j0-k1l2-0g3b-4c5d-6e7f8g9h0i1," ""SOLUCIONA""",6ba7b816-9dad-11d1-80b4-00c04fd430c7,
h8i9j0k1-l2m3-1h4c-5d6e-7f8g9h0i1j2," ""SOLUCIONA""",6ba7b817-9dad-11d1-80b4-00c04fd430c8,
i9j0k1l2-m3n4-2i5d-6e7f-8g9h0i1j2k3," ""SOLUCIONA""",6ba7b818-9dad-11d1-80b4-00c04fd430c9,
a1b2c3d4-e5f6-4a7b-8c9d-0e1f2a3b4c5d," ""SOLUCIONA""",6ba7b819-9dad-11d1-80b4-00c04fd430d0,
b2c3d4e5-f6g7-5b8c-9d0e-1f2a3b4c5d6e," ""SOLUCIONA""",6ba7b820-9dad-11d1-80b4-00c04fd430d1,
c3d4e5f6-g7h8-6c9d-0e1f-2a3b4c5d6e7f," ""SOLUCIONA""",6ba7b821-9dad-11d1-80b4-00c04fd430d2,
d4e5f6g7-h8i9-7d0e-1f2a-3b4c5d6e7f8," ""SOLUCIONA""",6ba7b822-9dad-11d1-80b4-00c04fd430d3,
e5f6g7h8-i9j0-8e1f-2a3b-4c5d6e7f8g9," ""SOLUCIONA""",6ba7b823-9dad-11d1-80b4-00c04fd430d4,
f6g7h8i9-j0k1-9f2a-3b4c-5d6e7f8g9h0," ""SOLUCIONA""",6ba7b824-9dad-11d1-80b4-00c04fd430d5,
g7h8i9j0-k1l2-0g3b-4c5d-6e7f8g9h0i1," ""SOLUCIONA""",6ba7b825-9dad-11d1-80b4-00c04fd430d6,
h8i9j0k1-l2m3-1h4c-5d6e-7f8g9h0i1j2," ""SOLUCIONA""",6ba7b826-9dad-11d1-80b4-00c04fd430d7,
a1b2c3d4-e5f6-4a7b-8c9d-0e1f2a3b4c5d," ""SOLUCIONA""",6ba7b828-9dad-11d1-80b4-00c04fd430d9,
b2c3d4e5-f6g7-5b8c-9d0e-1f2a3b4c5d6e," ""SOLUCIONA""",6ba7b829-9dad-11d1-80b4-00c04fd430e0,
c3d4e5f6-g7h8-6c9d-0e1f-2a3b4c5d6e7f," ""SOLUCIONA""",6ba7b830-9dad-11d1-80b4-00c04fd430e1,
d4e5f6g7-h8i9-7d0e-1f2a-3b4c5d6e7f8," ""SOLUCIONA""",6ba7b831-9dad-11d1-80b4-00c04fd430e2,
e5f6g7h8-i9j0-8e1f-2a3b-4c5d6e7f8g9," ""SOLUCIONA""",6ba7b832-9dad-11d1-80b4-00c04fd430e3,
f6g7h8i9-j0k1-9f2a-3b4c-5d6e7f8g9h0," ""SOLUCIONA""",6ba7b833-9dad-11d1-80b4-00c04fd430e4,
h8i9j0k1-l2m3-1h4c-5d6e-7f8g9h0i1j2," ""SOLUCIONA""",6ba7b835-9dad-11d1-80b4-00c04fd430e6,
i9j0k1l2-m3n4-2i5d-6e7f-8g9h0i1j2k3," ""SOLUCIONA""",6ba7b836-9dad-11d1-80b4-00c04fd430e7,
a1b2c3d4-e5f6-4a7b-8c9d-0e1f2a3b4c5d," ""SOLUCIONA""",6ba7b837-9dad-11d1-80b4-00c04fd430e8,
b2c3d4e5-f6g7-5b8c-9d0e-1f2a3b4c5d6e," ""SOLUCIONA""",6ba7b838-9dad-11d1-80b4-00c04fd430e9,
c3d4e5f6-g7h8-6c9d-0e1f-2a3b4c5d6e7f," ""SOLUCIONA""",6ba7b839-9dad-11d1-80b4-00c04fd430f0,
d4e5f6g7-h8i9-7d0e-1f2a-3b4c5d6e7f8," ""SOLUCIONA""",6ba7b840-9dad-11d1-80b4-00c04fd430f1,
e5f6g7h8-i9j0-8e1f-2a3b-4c5d6e7f8g9," ""SOLUCIONA""",6ba7b841-9dad-11d1-80b4-00c04fd430f2,
f6g7h8i9-j0k1-9f2a-3b4c-5d6e7f8g9h0," ""SOLUCIONA""",6ba7b842-9dad-11d1-80b4-00c04fd430f3,
g7h8i9j0-k1l2-0g3b-4c5d-6e7f8g9h0i1," ""SOLUCIONA""",6ba7b843-9dad-11d1-80b4-00c04fd430f4,
h8i9j0k1-l2m3-1h4c-5d6e-7f8g9h0i1j2," ""SOLUCIONA""",6ba7b844-9dad-11d1-80b4-00c04fd430f5,
i9j0k1l2-m3n4-2i5d-6e7f-8g9h0i1j2k3," ""SOLUCIONA""",6ba7b845-9dad-11d1-80b4-00c04fd430f6,
a1b2c3d4-e5f6-4a7b-8c9d-0e1f2a3b4c5d," ""SOLUCIONA""",6ba7b846-9dad-11d1-80b4-00c04fd430f7,
b2c3d4e5-f6g7-5b8c-9d0e-1f2a3b4c5d6e," ""SOLUCIONA""",6ba7b847-9dad-11d1-80b4-00c04fd430f8,
c3d4e5f6-g7h8-6c9d-0e1f-2a3b4c5d6e7f," ""SOLUCIONA""",6ba7b848-9dad-11d1-80b4-00c04fd430f9,
e5f6g7h8-i9j0-8e1f-2a3b-4c5d6e7f8g9," ""SOLUCIONA""",6ba7b850-9dad-11d1-80b4-00c04fd43101,
f6g7h8i9-j0k1-9f2a-3b4c-5d6e7f8g9h0," ""SOLUCIONA""",6ba7b851-9dad-11d1-80b4-00c04fd43102,
g7h8i9j0-k1l2-0g3b-4c5d-6e7f8g9h0i1," ""SOLUCIONA""",6ba7b852-9dad-11d1-80b4-00c04fd43103,
h8i9j0k1-l2m3-1h4c-5d6e-7f8g9h0i1j2," ""SOLUCIONA""",6ba7b853-9dad-11d1-80b4-00c04fd43104,
i9j0k1l2-m3n4-2i5d-6e7f-8g9h0i1j2k3," ""SOLUCIONA""",6ba7b854-9dad-11d1-80b4-00c04fd43105,
a1b2c3d4-e5f6-4a7b-8c9d-0e1f2a3b4c5d," ""SOLUCIONA""",6ba7b855-9dad-11d1-80b4-00c04fd43106,
b2c3d4e5-f6g7-5b8c-9d0e-1f2a3b4c5d6e," ""SOLUCIONA""",6ba7b856-9dad-11d1-80b4-00c04fd43107,
d4e5f6g7-h8i9-7d0e-1f2a-3b4c5d6e7f8," ""SOLUCIONA""",6ba7b858-9dad-11d1-80b4-00c04fd43109,
e5f6g7h8-i9j0-8e1f-2a3b-4c5d6e7f8g9," ""SOLUCIONA""",6ba7b859-9dad-11d1-80b4-00c04fd43110,
k1l2m3n4-o5p6-4k7f-8g9h-0i1j2k3l4m5," ""SOLUCIONA""",6ba7b861-9dad-11d1-80b4-00c04fd43112,
l2m3n4o5-p6q7-5l8g-9h0i-1j2k3l4m5n6," ""SOLUCIONA""",6ba7b862-9dad-11d1-80b4-00c04fd43113,
m3n4o5p6-q7r8-6m9h-0i1j-2k3l4m5n6o7," ""SOLUCIONA""",6ba7b864-9dad-11d1-80b4-00c04fd43115,
n4o5p6q7-r8s9-7n0i-1j2k-3l4m5n6o7p8," ""SOLUCIONA""",6ba7b865-9dad-11d1-80b4-00c04fd43116,
o5p6q7r8-s9t0-8o1j-2k3l-4m5n6o7p8q9," ""SOLUCIONA""",6ba7b867-9dad-11d1-80b4-00c04fd43118,
p6q7r8s9-t0u1-9p2k-3l4m-5n6o7p8q9r0," ""SOLUCIONA""",6ba7b868-9dad-11d1-80b4-00c04fd43119,
q7r8s9t0-u1v2-0q3l-4m5n-6o7p8q9r0s1," ""SOLUCIONA""",6ba7b870-9dad-11d1-80b4-00c04fd43121,
r8s9t0u1-v2w3-1r4m-5n6o-7p8q9r0s1t2," ""SOLUCIONA""",6ba7b871-9dad-11d1-80b4-00c04fd43122,
s9t0u1v2-w3x4-2s5n-6o7p-8q9r0s1t2u3," ""SOLUCIONA""",6ba7b873-9dad-11d1-80b4-00c04fd43124,
t0u1v2w3-x4y5-3t6o-7p8q-9r0s1t2u3v4," ""SOLUCIONA""",6ba7b874-9dad-11d1-80b4-00c04fd43125,
a1b2c3d4-e5f6-4a7b-8c9d-0e1f2a3b4c5d," ""SOLUCIONA""",6ba7b876-9dad-11d1-80b4-00c04fd43127,
b2c3d4e5-f6g7-5b8c-9d0e-1f2a3b4c5d6e," ""SOLUCIONA""",6ba7b877-9dad-11d1-80b4-00c04fd43128,
c3d4e5f6-g7h8-6c9d-0e1f-2a3b4c5d6e7f," ""SOLUCIONA""",6ba7b879-9dad-11d1-80b4-00c04fd43130,
d4e5f6g7-h8i9-7d0e-1f2a-3b4c5d6e7f8," ""SOLUCIONA""",6ba7b880-9dad-11d1-80b4-00c04fd43131,
e5f6g7h8-i9j0-8e1f-2a3b-4c5d6e7f8g9," ""SOLUCIONA""",6ba7b882-9dad-11d1-80b4-00c04fd43133,
f6g7h8i9-j0k1-9f2a-3b4c-5d6e7f8g9h0," ""SOLUCIONA""",6ba7b883-9dad-11d1-80b4-00c04fd43134,
g7h8i9j0-k1l2-0g3b-4c5d-6e7f8g9h0i1," ""SOLUCIONA""",6ba7b885-9dad-11d1-80b4-00c04fd43136,
h8i9j0k1-l2m3-1h4c-5d6e-7f8g9h0i1j2," ""SOLUCIONA""",6ba7b886-9dad-11d1-80b4-00c04fd43137,
i9j0k1l2-m3n4-2i5d-6e7f-8g9h0i1j2k3," ""SOLUCIONA""",6ba7b888-9dad-11d1-80b4-00c04fd43139,
a1b2c3d4-e5f6-4a7b-8c9d-0e1f2a3b4c5d," ""SOLUCIONA""",6ba7b889-9dad-11d1-80b4-00c04fd43140,
b2c3d4e5-f6g7-5b8c-9d0e-1f2a3b4c5d6e," ""SOLUCIONA""",6ba7b891-9dad-11d1-80b4-00c04fd43142,
c3d4e5f6-g7h8-6c9d-0e1f-2a3b4c5d6e7f," ""SOLUCIONA""",6ba7b892-9dad-11d1-80b4-00c04fd43143,
d4e5f6g7-h8i9-7d0e-1f2a-3b4c5d6e7f8," ""SOLUCIONA""",6ba7b894-9dad-11d1-80b4-00c04fd43145,
e5f6g7h8-i9j0-8e1f-2a3b-4c5d6e7f8g9," ""SOLUCIONA""",6ba7b895-9dad-11d1-80b4-00c04fd43146,
f6g7h8i9-j0k1-9f2a-3b4c-5d6e7f8g9h0," ""SOLUCIONA""",6ba7b897-9dad-11d1-80b4-00c04fd43148,
g7h8i9j0-k1l2-0g3b-4c5d-6e7f8g9h0i1," ""SOLUCIONA""",6ba7b898-9dad-11d1-80b4-00c04fd43149,
h8i9j0k1-l2m3-1h4c-5d6e-7f8g9h0i1j2," ""SOLUCIONA""",6ba7b900-9dad-11d1-80b4-00c04fd43151,
i9j0k1l2-m3n4-2i5d-6e7f-8g9h0i1j2k3," ""SOLUCIONA""",6ba7b901-9dad-11d1-80b4-00c04fd43152,
a1b2c3d4-e5f6-4a7b-8c9d-0e1f2a3b4c5d," ""SOLUCIONA""",6ba7b903-9dad-11d1-80b4-00c04fd43154,
b2c3d4e5-f6g7-5b8c-9d0e-1f2a3b4c5d6e," ""SOLUCIONA""",6ba7b904-9dad-11d1-80b4-00c04fd43155,
c3d4e5f6-g7h8-6c9d-0e1f-2a3b4c5d6e7f," ""SOLUCIONA""",6ba7b906-9dad-11d1-80b4-00c04fd43157,
d4e5f6g7-h8i9-7d0e-1f2a-3b4c5d6e7f8," ""SOLUCIONA""",6ba7b907-9dad-11d1-80b4-00c04fd43158,
e5f6g7h8-i9j0-8e1f-2a3b-4c5d6e7f8g9," ""SOLUCIONA""",6ba7b909-9dad-11d1-80b4-00c04fd43160,
